,Keyword
0,swimming lessons Muswell Hill
1,swimming lessons kids Muswell Hill
2,swimming lessons adults Muswell Hill
3,swimming lessons babies Muswell Hill
4,swimming lessons children Muswell Hill
5,swimming lessons Swiss Cottage
6,swimming lessons kids Swiss Cottage
7,swimming lessons adults Swiss Cottage
8,swimming lessons babies Swiss Cottage
9,swimming lessons children Swiss Cottage
10,swimming lessons Queens Park
11,swimming lessons kids Queens Park
12,swimming lessons adults Queens Park
13,swimming lessons babies Queens Park
14,swimming lessons children Queens Park
15,swimming lessons Avenell Road
16,swimming lessons kids Avenell Road
17,swimming lessons adults Avenell Road
18,swimming lessons babies Avenell Road
19,swimming lessons children Avenell Road
20,swimming lessons SE London
21,swimming lessons kids SE London
22,swimming lessons adults SE London
23,swimming lessons babies SE London
24,swimming lessons children SE London
25,swimming lessons NE London
26,swimming lessons kids NE London
27,swimming lessons adults NE London
28,swimming lessons babies NE London
29,swimming lessons children NE London
30,swimming lessons North London
31,swimming lessons kids North London
32,swimming lessons adults North London
33,swimming lessons babies North London
34,swimming lessons children North London
35,swimming lessons East London
36,swimming lessons kids East London
37,swimming lessons adults East London
38,swimming lessons babies East London
39,swimming lessons children East London
40,swimming lessons South London
41,swimming lessons kids South London
42,swimming lessons adults South London
43,swimming lessons babies South London
44,swimming lessons children South London
45,swimming lessons West London
46,swimming lessons kids West London
47,swimming lessons adults West London
48,swimming lessons babies West London
49,swimming lessons children West London
0,swimming lessons Hackney
1,swimming lessons kids Hackney
2,swimming lessons adults Hackney
3,swimming lessons babies Hackney
4,swimming lessons children Hackney
5,swimming lessons Hampstead
6,swimming lessons kids Hampstead
7,swimming lessons adults Hampstead
8,swimming lessons babies Hampstead
9,swimming lessons children Hampstead
10,swimming lessons Croydon
11,swimming lessons kids Croydon
12,swimming lessons adults Croydon
13,swimming lessons babies Croydon
14,swimming lessons children Croydon
15,swimming lessons Walthamstow
16,swimming lessons kids Walthamstow
17,swimming lessons adults Walthamstow
18,swimming lessons babies Walthamstow
19,swimming lessons children Walthamstow
20,swimming lessons Deptford
21,swimming lessons kids Deptford
22,swimming lessons adults Deptford
23,swimming lessons babies Deptford
24,swimming lessons children Deptford
25,swimming lessons Brixton
26,swimming lessons kids Brixton
27,swimming lessons adults Brixton
28,swimming lessons babies Brixton
29,swimming lessons children Brixton
30,swimming lessons Camden
31,swimming lessons kids Camden
32,swimming lessons adults Camden
33,swimming lessons babies Camden
34,swimming lessons children Camden
35,swimming lessons Islington
36,swimming lessons kids Islington
37,swimming lessons adults Islington
38,swimming lessons babies Islington
39,swimming lessons children Islington
40,swimming lessons Greenwich
41,swimming lessons kids Greenwich
42,swimming lessons adults Greenwich
43,swimming lessons babies Greenwich
44,swimming lessons children Greenwich
45,swimming lessons Richmond
46,swimming lessons kids Richmond
47,swimming lessons adults Richmond
48,swimming lessons babies Richmond
49,swimming lessons children Richmond
50,swimming lessons Fulham
51,swimming lessons kids Fulham
52,swimming lessons adults Fulham
53,swimming lessons babies Fulham
54,swimming lessons children Fulham
55,swimming lessons Chelsea
56,swimming lessons kids Chelsea
57,swimming lessons adults Chelsea
58,swimming lessons babies Chelsea
59,swimming lessons children Chelsea
60,swimming lessons Kensington
61,swimming lessons kids Kensington
62,swimming lessons adults Kensington
63,swimming lessons babies Kensington
64,swimming lessons children Kensington
65,swimming lessons Westminster
66,swimming lessons kids Westminster
67,swimming lessons adults Westminster
68,swimming lessons babies Westminster
69,swimming lessons children Westminster
70,swimming lessons Clapham
71,swimming lessons kids Clapham
72,swimming lessons adults Clapham
73,swimming lessons babies Clapham
74,swimming lessons children Clapham
75,swimming lessons Tooting
76,swimming lessons kids Tooting
77,swimming lessons adults Tooting
78,swimming lessons babies Tooting
79,swimming lessons children Tooting
80,swimming lessons Putney
81,swimming lessons kids Putney
82,swimming lessons adults Putney
83,swimming lessons babies Putney
84,swimming lessons children Putney
85,swimming lessons Ealing
86,swimming lessons kids Ealing
87,swimming lessons adults Ealing
88,swimming lessons babies Ealing
89,swimming lessons children Ealing
90,swimming lessons Acton
91,swimming lessons kids Acton
92,swimming lessons adults Acton
93,swimming lessons babies Acton
94,swimming lessons children Acton
95,swimming lessons Hammersmith
96,swimming lessons kids Hammersmith
97,swimming lessons adults Hammersmith
98,swimming lessons babies Hammersmith
99,swimming lessons children Hammersmith
100,swimming lessons Wimbledon
101,swimming lessons kids Wimbledon
102,swimming lessons adults Wimbledon
103,swimming lessons babies Wimbledon
104,swimming lessons children Wimbledon
105,swimming lessons Streatham
106,swimming lessons kids Streatham
107,swimming lessons adults Streatham
108,swimming lessons babies Streatham
109,swimming lessons children Streatham
110,swimming lessons Peckham
111,swimming lessons kids Peckham
112,swimming lessons adults Peckham
113,swimming lessons babies Peckham
114,swimming lessons children Peckham
115,swimming lessons Lewisham
116,swimming lessons kids Lewisham
117,swimming lessons adults Lewisham
118,swimming lessons babies Lewisham
119,swimming lessons children Lewisham
120,swimming lessons Battersea
121,swimming lessons kids Battersea
122,swimming lessons adults Battersea
123,swimming lessons babies Battersea
124,swimming lessons children Battersea
125,swimming lessons Harrow
126,swimming lessons kids Harrow
127,swimming lessons adults Harrow
128,swimming lessons babies Harrow
129,swimming lessons children Harrow
130,swimming lessons Brentford
131,swimming lessons kids Brentford
132,swimming lessons adults Brentford
133,swimming lessons babies Brentford
134,swimming lessons children Brentford
135,swimming lessons Kew
136,swimming lessons kids Kew
137,swimming lessons adults Kew
138,swimming lessons babies Kew
139,swimming lessons children Kew
140,swimming lessons Twickenham
141,swimming lessons kids Twickenham
142,swimming lessons adults Twickenham
143,swimming lessons babies Twickenham
144,swimming lessons children Twickenham
145,swimming lessons Barnet
146,swimming lessons kids Barnet
147,swimming lessons adults Barnet
148,swimming lessons babies Barnet
149,swimming lessons children Barnet
150,swimming lessons Enfield
151,swimming lessons kids Enfield
152,swimming lessons adults Enfield
153,swimming lessons babies Enfield
154,swimming lessons children Enfield
155,swimming lessons Haringey
156,swimming lessons kids Haringey
157,swimming lessons adults Haringey
158,swimming lessons babies Haringey
159,swimming lessons children Haringey
160,swimming lessons Chiswick
161,swimming lessons kids Chiswick
162,swimming lessons adults Chiswick
163,swimming lessons babies Chiswick
164,swimming lessons children Chiswick
165,swimming lessons Balham
166,swimming lessons kids Balham
167,swimming lessons adults Balham
168,swimming lessons babies Balham
169,swimming lessons children Balham
170,swimming lessons Crystal Palace
171,swimming lessons kids Crystal Palace
172,swimming lessons adults Crystal Palace
173,swimming lessons babies Crystal Palace
174,swimming lessons children Crystal Palace
175,swimming lessons Kingston
176,swimming lessons kids Kingston
177,swimming lessons adults Kingston
178,swimming lessons babies Kingston
179,swimming lessons children Kingston
180,swimming lessons Southwark
181,swimming lessons kids Southwark
182,swimming lessons adults Southwark
183,swimming lessons babies Southwark
184,swimming lessons children Southwark
185,swimming lessons Hounslow
186,swimming lessons kids Hounslow
187,swimming lessons adults Hounslow
188,swimming lessons babies Hounslow
189,swimming lessons children Hounslow
190,swimming lessons Bromley
191,swimming lessons kids Bromley
192,swimming lessons adults Bromley
193,swimming lessons babies Bromley
194,swimming lessons children Bromley
195,swimming lessons Beckenham
196,swimming lessons kids Beckenham
197,swimming lessons adults Beckenham
198,swimming lessons babies Beckenham
199,swimming lessons children Beckenham
200,swimming lessons Orpington
201,swimming lessons kids Orpington
202,swimming lessons adults Orpington
203,swimming lessons babies Orpington
204,swimming lessons children Orpington
205,swimming lessons Wembley
206,swimming lessons kids Wembley
207,swimming lessons adults Wembley
208,swimming lessons babies Wembley
209,swimming lessons children Wembley
210,swimming lessons Woolwich
211,swimming lessons kids Woolwich
212,swimming lessons adults Woolwich
213,swimming lessons babies Woolwich
214,swimming lessons children Woolwich
215,swimming lessons Eltham
216,swimming lessons kids Eltham
217,swimming lessons adults Eltham
218,swimming lessons babies Eltham
219,swimming lessons children Eltham
220,swimming lessons Leyton
221,swimming lessons kids Leyton
222,swimming lessons adults Leyton
223,swimming lessons babies Leyton
224,swimming lessons children Leyton
225,swimming lessons Leytonstone
226,swimming lessons kids Leytonstone
227,swimming lessons adults Leytonstone
228,swimming lessons babies Leytonstone
229,swimming lessons children Leytonstone
230,swimming lessons Wood Green
231,swimming lessons kids Wood Green
232,swimming lessons adults Wood Green
233,swimming lessons babies Wood Green
234,swimming lessons children Wood Green
235,swimming lessons Tottenham
236,swimming lessons kids Tottenham
237,swimming lessons adults Tottenham
238,swimming lessons babies Tottenham
239,swimming lessons children Tottenham
240,swimming lessons Edgware
241,swimming lessons kids Edgware
242,swimming lessons adults Edgware
243,swimming lessons babies Edgware
244,swimming lessons children Edgware
245,swimming lessons Hornsey
246,swimming lessons kids Hornsey
247,swimming lessons adults Hornsey
248,swimming lessons babies Hornsey
249,swimming lessons children Hornsey
250,swimming lessons Romford
251,swimming lessons kids Romford
252,swimming lessons adults Romford
253,swimming lessons babies Romford
254,swimming lessons children Romford
255,swimming lessons Ilford
256,swimming lessons kids Ilford
257,swimming lessons adults Ilford
258,swimming lessons babies Ilford
259,swimming lessons children Ilford
260,swimming lessons Barking
261,swimming lessons kids Barking
262,swimming lessons adults Barking
263,swimming lessons babies Barking
264,swimming lessons children Barking
265,swimming lessons Dagenham
266,swimming lessons kids Dagenham
267,swimming lessons adults Dagenham
268,swimming lessons babies Dagenham
269,swimming lessons children Dagenham
270,swimming lessons East Ham
271,swimming lessons kids East Ham
272,swimming lessons adults East Ham
273,swimming lessons babies East Ham
274,swimming lessons children East Ham
275,swimming lessons Stratford
276,swimming lessons kids Stratford
277,swimming lessons adults Stratford
278,swimming lessons babies Stratford
279,swimming lessons children Stratford
285,swimming lessons Newham
286,swimming lessons kids Newham
287,swimming lessons adults Newham
288,swimming lessons babies Newham
289,swimming lessons children Newham
290,swimming lessons Tower Hamlets
291,swimming lessons kids Tower Hamlets
292,swimming lessons adults Tower Hamlets
293,swimming lessons babies Tower Hamlets
294,swimming lessons children Tower Hamlets
295,swimming lessons Whitechapel
296,swimming lessons kids Whitechapel
297,swimming lessons adults Whitechapel
298,swimming lessons babies Whitechapel
299,swimming lessons children Whitechapel
300,swimming lessons Shoreditch
301,swimming lessons kids Shoreditch
302,swimming lessons adults Shoreditch
303,swimming lessons babies Shoreditch
304,swimming lessons children Shoreditch
305,swimming lessons Finsbury Park
306,swimming lessons kids Finsbury Park
307,swimming lessons adults Finsbury Park
308,swimming lessons babies Finsbury Park
309,swimming lessons children Finsbury Park
310,swimming lessons Paddington
311,swimming lessons kids Paddington
312,swimming lessons adults Paddington
313,swimming lessons babies Paddington
314,swimming lessons children Paddington
315,swimming lessons Kilburn
316,swimming lessons kids Kilburn
317,swimming lessons adults Kilburn
318,swimming lessons babies Kilburn
319,swimming lessons children Kilburn
320,swimming lessons Shepherds Bush
321,swimming lessons kids Shepherds Bush
322,swimming lessons adults Shepherds Bush
323,swimming lessons babies Shepherds Bush
324,swimming lessons children Shepherds Bush
325,swimming lessons South Kensington
326,swimming lessons kids South Kensington
327,swimming lessons adults South Kensington
328,swimming lessons babies South Kensington
329,swimming lessons children South Kensington
330,swimming lessons Notting Hill
331,swimming lessons kids Notting Hill
332,swimming lessons adults Notting Hill
333,swimming lessons babies Notting Hill
334,swimming lessons children Notting Hill
335,swimming lessons Maida Vale
336,swimming lessons kids Maida Vale
337,swimming lessons adults Maida Vale
338,swimming lessons babies Maida Vale
339,swimming lessons children Maida Vale
340,swimming lessons Belgravia
341,swimming lessons kids Belgravia
342,swimming lessons adults Belgravia
343,swimming lessons babies Belgravia
344,swimming lessons children Belgravia
345,swimming lessons Marylebone
346,swimming lessons kids Marylebone
347,swimming lessons adults Marylebone
348,swimming lessons babies Marylebone
349,swimming lessons children Marylebone
