Link,Group,User,Clicks
geni.us/Robux220,Gfinity-Default,gfinityplc,3103
geni.us/5Kpnf,Racing Games,gfinityplc,2398
geni.us/FkY7wHv,Racing Games,gfinityplc,1667
geni.us/tGtIb,Racing Games,gfinityplc,1179
geni.us/OyAq,Racing Games,gfinityplc,1173
geni.us/n16Zi3s,Racing Games,gfinityplc,1103
geni.us/4uNXst,RealSport101,gfinityplc,981
geni.us/9GKoSQ,Gfinity-Default,gfinityplc,787
geni.us/0fAFJ,Racing Games,gfinityplc,690
geni.us/aprt8,MTG Rocks,gfinityplc,622
geni.us/fWrA0S,Racing Games,gfinityplc,604
geni.us/7N3we,RealSport101,gfinityplc,576
geni.us/QPcelc,Gfinity-Default,gfinityplc,541
geni.us/BZoA0VG,RealSport101,gfinityplc,442
geni.us/DzHwrC,RealSport101,gfinityplc,430
geni.us/iXxA2,Gfinity-Default,gfinityplc,418
geni.us/P2ctAg,MTG Rocks,gfinityplc,361
geni.us/8E9vJox,MTG Rocks,gfinityplc,353
geni.us/04PHb,Racing Games,gfinityplc,343
geni.us/MLefp,Racing Games,gfinityplc,305
geni.us/7VImH2,Racing Games,gfinityplc,288
geni.us/MCFGit,RealSport101,gfinityplc,284
geni.us/65sX,Racing Games,gfinityplc,276
geni.us/CkOIrB,Racing Games,gfinityplc,269
geni.us/pJAE,Racing Games,gfinityplc,252
geni.us/T0e4,Gfinity-Default,gfinityplc,246
geni.us/j5Qs,Gfinity-Default,gfinityplc,242
geni.us/6V7co,Racing Games,gfinityplc,237
geni.us/jl5XL,Gfinity-Default,gfinityplc,235
geni.us/HB4q,Gfinity-Default,gfinityplc,229
geni.us/ie6a,MTG Rocks,gfinityplc,223
geni.us/zWg3,Racing Games,gfinityplc,223
geni.us/3BfAh4,Racing Games,gfinityplc,221
geni.us/MI6JD6,RealSport101,gfinityplc,220
geni.us/KE6MGtt,Racing Games,gfinityplc,219
geni.us/mUtQF,Racing Games,gfinityplc,215
geni.us/KovCmgx,MTG Rocks,gfinityplc,213
geni.us/wDIb,Stealth-General,gfinityplc,213
geni.us/Twpbh,Racing Games,gfinityplc,210
geni.us/4MLny,Stealth-General,gfinityplc,205
geni.us/Qun9U,Gfinity-Default,gfinityplc,204
geni.us/Drytp8,Racing Games,gfinityplc,201
geni.us/nLF7dUs,Racing Games,gfinityplc,192
geni.us/BClIiJ,MTG Rocks,gfinityplc,185
geni.us/0fvjNjz,Racing Games,gfinityplc,185
geni.us/Exwe,RealSport101,gfinityplc,182
geni.us/0Rxtz,MTG Rocks,gfinityplc,181
geni.us/PC-Rainbow-Credit-7560,SiegeGG,gfinityplc,181
geni.us/mQfy7w,MTG Rocks,gfinityplc,179
geni.us/FIp7K,Racing Games,gfinityplc,178
geni.us/V4wZ,MTG Rocks,gfinityplc,178
geni.us/vYPY,Gfinity-Default,gfinityplc,177
geni.us/1jsZOz,RealSport101,gfinityplc,176
geni.us/oHRGtA,Racing Games,gfinityplc,174
geni.us/X8zl,Racing Games,gfinityplc,174
geni.us/CESyprW,Racing Games,gfinityplc,168
geni.us/nreqUM,RealSport101,gfinityplc,167
geni.us/CBm6,Racing Games,gfinityplc,163
geni.us/GeBvi,MTG Rocks,gfinityplc,163
geni.us/4F4lG,Stealth-General,gfinityplc,156
geni.us/rT6A,Racing Games,gfinityplc,154
geni.us/rLyH,Stealth-General,gfinityplc,154
geni.us/npSwUc,Racing Games,gfinityplc,153
geni.us/OqUL,Racing Games,gfinityplc,150
geni.us/Lj4qw,RealSport101,gfinityplc,147
geni.us/9FaInCx,Racing Games,gfinityplc,141
geni.us/wLp9,Gfinity-Default,gfinityplc,139
geni.us/AsusTUFA15RTX4060,Racing Games,gfinityplc,139
geni.us/TyBbzwt,Racing Games,gfinityplc,138
geni.us/mtVpW,RealSport101,gfinityplc,138
geni.us/KAQbF,Racing Games,gfinityplc,137
geni.us/zwxhe,Gfinity-Default,gfinityplc,133
geni.us/VtpXuk,Gfinity-Default,gfinityplc,132
geni.us/gxIKs,Stealth-General,gfinityplc,130
geni.us/rePHe,Gfinity-Default,gfinityplc,129
geni.us/3VDqC,Racing Games,gfinityplc,128
geni.us/y0h7a,Racing Games,gfinityplc,126
geni.us/QvouM,Stealth-General,gfinityplc,123
geni.us/lRYY,Racing Games,gfinityplc,119
geni.us/6eZR6,Racing Games,gfinityplc,118
geni.us/NPGyVX,Racing Games,gfinityplc,117
geni.us/LmrN,RealGaming-Spain,gfinityplc,116
geni.us/XJl2SEN,Gfinity-Default,gfinityplc,114
geni.us/8nOmc,Racing Games,gfinityplc,113
geni.us/MQQ6s,Racing Games,gfinityplc,112
geni.us/5zUu393,Stealth-General,gfinityplc,111
geni.us/NjwHfHD,Gfinity-Default,gfinityplc,111
geni.us/gefAg8,Gfinity-Default,gfinityplc,109
geni.us/nO0Y8,Racing Games,gfinityplc,109
geni.us/9IgyvuA,Racing Games,gfinityplc,109
geni.us/w2GBO,RealSport101,gfinityplc,109
geni.us/LBE46,Racing Games,gfinityplc,107
geni.us/ZZZP0C,Racing Games,gfinityplc,107
geni.us/VYepB,Gfinity-Default,gfinityplc,106
geni.us/BvBjAn,Gfinity-Default,gfinityplc,106
geni.us/EAH2B,Racing Games,gfinityplc,105
geni.us/odkWQd,Racing Games,gfinityplc,104
geni.us/Wls9alZ,Gfinity-Default,gfinityplc,103
geni.us/7CvqcD4,Gfinity-Default,gfinityplc,102
geni.us/Sm8rwN,Racing Games,gfinityplc,101
geni.us/aoPL2,Racing Games,gfinityplc,101
geni.us/yiOfSkq,Stealth-General,gfinityplc,99
geni.us/guidx30,Gfinity-Default,gfinityplc,98
geni.us/YnqiW9,Gfinity-Default,gfinityplc,97
geni.us/oTaZtE,Racing Games,gfinityplc,95
geni.us/sDZ8,RealSport101,gfinityplc,95
geni.us/CVBl0mH,Gfinity-Default,gfinityplc,95
geni.us/9aXu,Racing Games,gfinityplc,95
geni.us/eRay,MTG Rocks,gfinityplc,94
geni.us/b2A4n,Stealth-General,gfinityplc,94
geni.us/nSVkvq,Racing Games,gfinityplc,94
geni.us/x7J4On,RealSport101,gfinityplc,94
geni.us/QusCA,Gfinity-Default,gfinityplc,93
geni.us/EeBM,Racing Games,gfinityplc,93
geni.us/0UFFFj5,Racing Games,gfinityplc,93
geni.us/3rke8G,Racing Games,gfinityplc,92
geni.us/EJ2zAul,Racing Games,gfinityplc,91
geni.us/BsU5j,Gfinity-Default,gfinityplc,91
geni.us/4u4yEK,Racing Games,gfinityplc,91
geni.us/AZO1,Stealth-General,gfinityplc,90
geni.us/Q1VHA,Stealth-General,gfinityplc,90
geni.us/vRlsN,RealSport101,gfinityplc,89
geni.us/yBBDJG,Racing Games,gfinityplc,89
geni.us/MCYRgz,Racing Games,gfinityplc,87
geni.us/wyBq2,Racing Games,gfinityplc,86
geni.us/808x,Racing Games,gfinityplc,86
geni.us/j0fvf,RealGaming-Spain,gfinityplc,84
geni.us/e5WMd,RealSport101,gfinityplc,83
geni.us/vKJf6AL,Gfinity-Default,gfinityplc,83
geni.us/n35b7,Stealth-General,gfinityplc,83
geni.us/fLXFEmB,Gfinity-Default,gfinityplc,82
geni.us/T3Drd,Racing Games,gfinityplc,82
geni.us/x4No,Racing Games,gfinityplc,82
geni.us/kLl5M9N,Gfinity-Default,gfinityplc,82
geni.us/FbpSnk,Stealth-General,gfinityplc,82
geni.us/VBPJUb,Gfinity-Default,gfinityplc,81
geni.us/n0AtUmr,Gfinity-Default,gfinityplc,81
geni.us/belW7SG,Gfinity-Default,gfinityplc,80
geni.us/0UTFBQ1,Racing Games,gfinityplc,80
geni.us/uRO03pG,RealSport101,gfinityplc,79
geni.us/vMVD,Stealth-General,gfinityplc,79
geni.us/Q56nyjy,Racing Games,gfinityplc,79
geni.us/zA35nN,RealSport101,gfinityplc,78
geni.us/9Z24,Stealth-General,gfinityplc,77
geni.us/PksA0R,RealSport101,gfinityplc,75
geni.us/clk7PWE,Gfinity-Default,gfinityplc,75
geni.us/WcoEFPn,Racing Games,gfinityplc,74
geni.us/IxFl80M,Gfinity-Default,gfinityplc,74
geni.us/niUXA,Gfinity-Default,gfinityplc,73
geni.us/rxHV1Nc,Stealth-General,gfinityplc,72
geni.us/a1Fht,RealSport101,gfinityplc,72
geni.us/m0DAa,Gfinity-Default,gfinityplc,71
geni.us/3DTY4,RealSport101,gfinityplc,70
geni.us/ZPpDiM,Racing Games,gfinityplc,70
geni.us/XkUD,RealSport101,gfinityplc,69
geni.us/N3IRru,Racing Games,gfinityplc,69
geni.us/yTIX,Stealth-General,gfinityplc,68
geni.us/RVnjI,Gfinity-Default,gfinityplc,68
geni.us/uSRoJ,Gfinity-Default,gfinityplc,68
geni.us/y9OPr,Racing Games,gfinityplc,67
geni.us/oST7hr,Gfinity-Default,gfinityplc,67
geni.us/jon55,Stealth-General,gfinityplc,67
geni.us/DlKRA,Racing Games,gfinityplc,67
geni.us/Csgl,Stealth-General,gfinityplc,66
geni.us/RaQaE,Stealth-General,gfinityplc,66
geni.us/Ovw8,Racing Games,gfinityplc,65
geni.us/lpcqf,RealSport101,gfinityplc,65
geni.us/wq1B,Gfinity-Default,gfinityplc,64
geni.us/uMKA,Gfinity-Default,gfinityplc,63
geni.us/ZxQke,Stealth-General,gfinityplc,63
geni.us/TTaO,RealSport101,gfinityplc,62
geni.us/SQHpug,Stealth-General,gfinityplc,62
geni.us/Y6rNnk,Racing Games,gfinityplc,60
geni.us/d2aEn,RealSport101,gfinityplc,60
geni.us/T94L9OO,Stealth-General,gfinityplc,60
geni.us/84Af,Racing Games,gfinityplc,60
geni.us/Rrp3,Gfinity-Default,gfinityplc,60
geni.us/Op9me,Racing Games,gfinityplc,60
geni.us/CSAopi,Stealth-General,gfinityplc,59
geni.us/JK7LL,Gfinity-Default,gfinityplc,58
geni.us/juHdMde,racing-games-youtube,gfinityplc,58
geni.us/hQ6IQnY,Racing Games,gfinityplc,58
geni.us/346xHz,Racing Games,gfinityplc,57
geni.us/cdh65U,RealSport101,gfinityplc,57
geni.us/ojjKAA,Racing Games,gfinityplc,56
geni.us/nsWVf,Racing Games,gfinityplc,56
geni.us/Jp6sAk,Stealth-General,gfinityplc,56
geni.us/fHLl26V,Gfinity-Default,gfinityplc,56
geni.us/z2PBNMJ,Racing Games,gfinityplc,55
geni.us/SIUEzY5,Racing Games,gfinityplc,55
geni.us/RiiENA,Racing Games,gfinityplc,55
geni.us/dArUc,Stealth-General,gfinityplc,55
geni.us/L5vPPE9,RealSport101,gfinityplc,55
geni.us/dkVtz8J,Gfinity-Default,gfinityplc,54
geni.us/CQ6x,MTG Rocks,gfinityplc,54
geni.us/Bn4Dhy,Gfinity-Default,gfinityplc,54
geni.us/fZ4a,Racing Games,gfinityplc,53
geni.us/8koE9,Racing Games,gfinityplc,53
geni.us/sd2GVbr,RealSport101,gfinityplc,53
geni.us/RrODa,Stealth-General,gfinityplc,52
geni.us/DD8wqB8,RealSport101,gfinityplc,52
geni.us/6AHq5,Racing Games,gfinityplc,52
geni.us/tRyh,Racing Games,gfinityplc,52
geni.us/a4WA3,Gfinity-Default,gfinityplc,51
geni.us/Agbpzs,Racing Games,gfinityplc,51
geni.us/buATf,Gfinity-Default,gfinityplc,51
geni.us/dDGf,Stealth-General,gfinityplc,51
geni.us/OrvIx,Racing Games,gfinityplc,50
geni.us/EqjM,RealSport101,gfinityplc,50
geni.us/Zl1ye,RealSport101,gfinityplc,50
geni.us/AMJBAHG,RealGaming-Spain,gfinityplc,50
geni.us/hntJv,RealSport101,gfinityplc,49
geni.us/YQpt0YV,Stealth-General,gfinityplc,49
geni.us/WVUZSCv,Racing Games,gfinityplc,49
geni.us/dRKMa,Racing Games,gfinityplc,49
geni.us/HVshSA,Gfinity-Default,gfinityplc,49
geni.us/1mUbhK,Gfinity-Default,gfinityplc,49
geni.us/jmPrRwy,RealSport101,gfinityplc,49
geni.us/Pa12,Racing Games,gfinityplc,49
geni.us/Biao,Gfinity-Default,gfinityplc,49
geni.us/0mN8M,RealSport101,gfinityplc,49
geni.us/wQrU,Stealth-General,gfinityplc,49
geni.us/Q5FMa,Gfinity-Default,gfinityplc,48
geni.us/BbsaDya,Gfinity-Default,gfinityplc,48
geni.us/V5T9Pjv,Stealth-General,gfinityplc,48
geni.us/rTacq,Stealth-General,gfinityplc,47
geni.us/iElsS,Racing Games,gfinityplc,47
geni.us/TiH7pOK,Stealth-General,gfinityplc,47
geni.us/l5ydxT,Gfinity-Default,gfinityplc,47
geni.us/uczeA,Stealth-General,gfinityplc,46
geni.us/k6AsA,RealSport101,gfinityplc,46
geni.us/95JNku,Gfin-best-mon-cnsl,gfinityplc,46
geni.us/nwTQEp,RealSport101,gfinityplc,45
geni.us/BXMB3,Racing Games,gfinityplc,45
geni.us/q6yWFmM,Racing Games,gfinityplc,45
geni.us/1PRr9,RealSport101,gfinityplc,45
geni.us/gtp1nY2,Gfin-best-mon-cnsl,gfinityplc,44
geni.us/QTSe,Racing Games,gfinityplc,44
geni.us/pswjO,Racing Games,gfinityplc,44
geni.us/TXNi6v,Stealth-General,gfinityplc,44
geni.us/375eq,Racing Games,gfinityplc,44
geni.us/ADF0pH,Gfinity-Default,gfinityplc,44
geni.us/yKFqLJ,RealSport101,gfinityplc,43
geni.us/PZuQJ,Gfinity-Default,gfinityplc,43
geni.us/7A9rYzN,Stealth-General,gfinityplc,43
geni.us/ntPg,Stealth-General,gfinityplc,42
geni.us/PEKsMAr,Racing Games,gfinityplc,42
geni.us/zeee,Gfinity-Default,gfinityplc,42
geni.us/w3ybm,Racing Games,gfinityplc,42
geni.us/At1CWZA,Racing Games,gfinityplc,42
geni.us/RDNJI9,Stealth-General,gfinityplc,41
geni.us/BjBhzN,Stealth-General,gfinityplc,41
geni.us/YHhshO7,Racing Games,gfinityplc,41
geni.us/SXODeo,Racing Games,gfinityplc,41
geni.us/1LCbBr,Gfinity-Default,gfinityplc,41
geni.us/uA10,Gfinity-Default,gfinityplc,40
geni.us/ddbmdDc,RealSport101,gfinityplc,40
geni.us/PJe75r,Stealth-General,gfinityplc,40
geni.us/7gpXx,Racing Games,gfinityplc,40
geni.us/Y0WU5,Gfinity-Default,gfinityplc,40
geni.us/sULm,Racing Games,gfinityplc,39
geni.us/rx4F,Stealth-General,gfinityplc,39
geni.us/9MZMaI,Gfinity-Default,gfinityplc,39
geni.us/UJL50S,Racing Games,gfinityplc,39
geni.us/D9E0,Stealth-General,gfinityplc,39
geni.us/2995r,Gfinity-Default,gfinityplc,39
geni.us/N9vi0VE,RealSport101,gfinityplc,39
geni.us/BbqwmB,Gfinity-Default,gfinityplc,39
geni.us/sLrqnv,Gfinity-Default,gfinityplc,39
geni.us/gRoQ,Racing Games,gfinityplc,39
geni.us/UiZnb,Stealth-General,gfinityplc,38
geni.us/CcVGS,Racing Games,gfinityplc,38
geni.us/S8FW,Stealth-General,gfinityplc,38
geni.us/wzLhLqo,RealSport101,gfinityplc,38
geni.us/4l8s,RealSport101,gfinityplc,38
geni.us/DqW2TPU,Racing Games,gfinityplc,38
geni.us/Z7FAqD2,Stealth-General,gfinityplc,38
geni.us/TCdT1i,RealSport101,gfinityplc,37
geni.us/NzE2nyO,Gfinity-Default,gfinityplc,37
geni.us/9BHH6Il,Racing Games,gfinityplc,37
geni.us/4CSzo,RealSport101,gfinityplc,37
geni.us/BAnFGpu,Gfinity-Default,gfinityplc,37
geni.us/HF3A,Racing Games,gfinityplc,37
geni.us/HsNW,Gfinity-Default,gfinityplc,37
geni.us/ydAn,Stealth-General,gfinityplc,36
geni.us/l6kN,Racing Games,gfinityplc,36
geni.us/Mp71,RealSport101,gfinityplc,36
geni.us/S3iQVP,Gfinity-Default,gfinityplc,36
geni.us/T4mS,Gfinity-Default,gfinityplc,36
geni.us/wA0w,Gfinity-Default,gfinityplc,36
geni.us/lW9WuS,RealSport101,gfinityplc,36
geni.us/Q0UL,Gfinity-Default,gfinityplc,36
geni.us/yKSGeD,Racing Games,gfinityplc,36
geni.us/yJTM,Racing Games,gfinityplc,36
geni.us/DT71,RealSport101,gfinityplc,36
geni.us/ZjOEoB2,Stealth-General,gfinityplc,35
geni.us/MMx3,Racing Games,gfinityplc,35
geni.us/Wd2EVi,Racing Games,gfinityplc,35
geni.us/DxAkAWs,Racing Games,gfinityplc,35
geni.us/lbkfNdz,RealGaming-Spain,gfinityplc,35
geni.us/z0S61zm,Racing Games,gfinityplc,34
geni.us/rwRn,Racing Games,gfinityplc,34
geni.us/gNsYfBQ,RealSport101,gfinityplc,34
geni.us/ZfHDOb,Gfinity-Default,gfinityplc,34
geni.us/2LzlKof,Racing Games,gfinityplc,34
geni.us/hEDbvt,Gfinity-Default,gfinityplc,34
geni.us/ZYYQ9,RealSport101,gfinityplc,34
geni.us/ARMJYGQ,MTG Rocks,gfinityplc,34
geni.us/SM2Y,Gfinity-Default,gfinityplc,34
geni.us/iI1X,Stealth-General,gfinityplc,34
geni.us/6Qcx6yk,RealSport101,gfinityplc,33
geni.us/6VdEL,Racing Games,gfinityplc,33
geni.us/JQLBSaV,Racing Games,gfinityplc,33
geni.us/73WyfFr,Racing Games,gfinityplc,33
geni.us/FAvUE,Gfinity-Default,gfinityplc,33
geni.us/KkN4V,Stealth-General,gfinityplc,33
geni.us/BQaBWt,Gfinity-Default,gfinityplc,33
geni.us/9MEA,Stealth-General,gfinityplc,33
geni.us/59ezBcO,Stealth-General,gfinityplc,33
geni.us/02qNC,Gfinity-Default,gfinityplc,33
geni.us/qwuJ,Stealth-General,gfinityplc,32
geni.us/pXXmQB7,Gfinity-Default,gfinityplc,32
geni.us/T2Am8g,Stealth-General,gfinityplc,32
geni.us/TwAZUv,RealSport101,gfinityplc,32
geni.us/KqlC,racing-games-youtube,gfinityplc,32
geni.us/KdDBLcA,Stealth-General,gfinityplc,32
geni.us/zZpWcCM,Racing Games,gfinityplc,32
geni.us/BkhVk,Racing Games,gfinityplc,32
geni.us/OgPJKbf,Gfinity-Default,gfinityplc,31
geni.us/ZHSC,Racing Games,gfinityplc,31
geni.us/KBvC,Stealth-General,gfinityplc,31
geni.us/cmnbca,RealSport101,gfinityplc,31
geni.us/lKUDK8,Stealth-General,gfinityplc,31
geni.us/EpFtqsL,Stealth-General,gfinityplc,31
geni.us/GAGBc,Racing Games,gfinityplc,31
geni.us/nc1I,Stealth-General,gfinityplc,31
geni.us/ujCtEf,Racing Games,gfinityplc,30
geni.us/bocAerO,Racing Games,gfinityplc,30
geni.us/VWZqAr,Gfinity-Default,gfinityplc,30
geni.us/U9FzFYY,Gfinity-Default,gfinityplc,30
geni.us/58zJt,MTG Rocks,gfinityplc,30
geni.us/AkFC3N,RealSport101,gfinityplc,30
geni.us/9JXSx,RealSport101,gfinityplc,30
geni.us/jGO2vS,RealSport101,gfinityplc,30
geni.us/au7mNy,Racing Games,gfinityplc,29
geni.us/NjTj,Gfinity-Bests-PC,gfinityplc,29
geni.us/EnNXl,Stealth-General,gfinityplc,29
geni.us/zGI68jD,Stealth-General,gfinityplc,29
geni.us/M04wMe,Gfinity-Default,gfinityplc,29
geni.us/MEAxr,Stealth-General,gfinityplc,29
geni.us/af3B8,Stealth-General,gfinityplc,29
geni.us/pwmiRcG,RealSport101,gfinityplc,28
geni.us/DwHNd,Gfinity-Default,gfinityplc,28
geni.us/SVGJ,Stealth-General,gfinityplc,28
geni.us/9OjeX1h,Gfinity-Default,gfinityplc,28
geni.us/YbVm,Racing Games,gfinityplc,28
geni.us/27W8j,Gfinity-Default,gfinityplc,28
geni.us/eqIkrJ,Gfinity-Default,gfinityplc,28
geni.us/xJr9f,Stealth-General,gfinityplc,28
geni.us/VD0RQ5h,Stealth-General,gfinityplc,28
geni.us/9ILhA,RealSport101,gfinityplc,28
geni.us/f1Rq9,RealSport101,gfinityplc,27
geni.us/hAopyE,Stealth-General,gfinityplc,27
geni.us/xbtbB,Gfinity-Default,gfinityplc,27
geni.us/c8aj2MD,RealSport101,gfinityplc,27
geni.us/0GQ3m,Stealth-General,gfinityplc,27
geni.us/1bB5IX,Gfinity-Default,gfinityplc,27
geni.us/jmsc,Gfinity-Default,gfinityplc,27
geni.us/i1cKF,Racing Games,gfinityplc,26
geni.us/pHACc9,Gfinity-Default,gfinityplc,26
geni.us/HTA1Q1t,RealSport101,gfinityplc,26
geni.us/237J6,RealSport101,gfinityplc,26
geni.us/NxzjrB,Gfinity-Default,gfinityplc,26
geni.us/S0UEY,RealSport101,gfinityplc,26
geni.us/Bc7DI,Stealth-General,gfinityplc,26
geni.us/0bLsH,Racing Games,gfinityplc,26
geni.us/61d1XI6,Gfinity-Default,gfinityplc,26
geni.us/HnXR1,Gfinity-Default,gfinityplc,26
geni.us/zdMn,Racing Games,gfinityplc,25
geni.us/ymSv,Racing Games,gfinityplc,25
geni.us/oe7K9F,Gfinity-Default,gfinityplc,25
geni.us/kPpP5df,Racing Games,gfinityplc,25
geni.us/gisS,RealSport101,gfinityplc,25
geni.us/Dwc1B4,Gfinity-Default,gfinityplc,25
geni.us/56BZlH0,Gfinity-Default,gfinityplc,25
geni.us/1VFnvQ,RealSport101,gfinityplc,25
geni.us/le9oQwv,Gfinity-Default,gfinityplc,25
geni.us/qVxcA8a,RealSport101,gfinityplc,25
geni.us/9zC1oo,Racing Games,gfinityplc,25
geni.us/NovC0,RealSport101,gfinityplc,25
geni.us/Jeba2Ks,Gfinity-Default,gfinityplc,25
geni.us/979DDSz,Gfinity-Default,gfinityplc,25
geni.us/HJMBF,Racing Games,gfinityplc,25
geni.us/gKZRHx,RealSport101,gfinityplc,24
geni.us/WiUXD,RealSport101,gfinityplc,24
geni.us/CluDV84,RealSport101,gfinityplc,24
geni.us/x5Q88tq,RealGaming-Spain,gfinityplc,24
geni.us/6W2A,Stealth-General,gfinityplc,24
geni.us/NvBLlB,Stealth-General,gfinityplc,24
geni.us/xyP176d,Stealth-General,gfinityplc,24
geni.us/6gYX,Gfinity-Default,gfinityplc,24
geni.us/6NJf7T,Gfinity-Default,gfinityplc,24
geni.us/5LrEY,Racing Games,gfinityplc,24
geni.us/oj7cZH,Gfinity-Default,gfinityplc,23
geni.us/oBS22MS,MTG Rocks,gfinityplc,23
geni.us/gc5c4,Racing Games,gfinityplc,23
geni.us/cmzWpl,Stealth-General,gfinityplc,23
geni.us/a9gs2E3,Gfinity-Default,gfinityplc,23
geni.us/GHXN,Racing Games,gfinityplc,23
geni.us/D3N1ve7,Racing Games,gfinityplc,23
geni.us/KxIYOP0,RealSport101,gfinityplc,23
geni.us/VJygxi,Stealth-General,gfinityplc,23
geni.us/G4pcb,Stealth-General,gfinityplc,23
geni.us/hTltDs,Stealth-General,gfinityplc,23
geni.us/kISQ1U,Gfinity-Default,gfinityplc,23
geni.us/sD3kge,RealSport101,gfinityplc,22
geni.us/rwjBeGt,MTG Rocks,gfinityplc,22
geni.us/fJWVIP,RealSport101,gfinityplc,22
geni.us/Pqbga,Stealth-General,gfinityplc,22
geni.us/RodeRodecasterProII,Stealth-General,gfinityplc,22
geni.us/YaYwWqD,RealSport101,gfinityplc,22
geni.us/BXDcAB,Gfinity-Default,gfinityplc,22
geni.us/EX5k6I,Gfinity-Default,gfinityplc,22
geni.us/AjLsE8W,Stealth-General,gfinityplc,22
geni.us/wN83V,Stealth-General,gfinityplc,22
geni.us/pDbd5,Racing Games,gfinityplc,22
geni.us/sm2Jj,Stealth-General,gfinityplc,22
geni.us/XkszPd,RealSport101,gfinityplc,22
geni.us/KeGq,RealSport101,gfinityplc,22
geni.us/5eG9o5Y,Stealth-General,gfinityplc,22
geni.us/6gjBoB,Stealth-General,gfinityplc,22
geni.us/54IsJn,Stealth-General,gfinityplc,22
geni.us/175x5Tf,Racing Games,gfinityplc,22
geni.us/tbYnP1Z,RealSport101,gfinityplc,22
geni.us/IQzPKY,Gfin-best-mon-cnsl,gfinityplc,22
geni.us/bjtxJw,RealSport101,gfinityplc,22
geni.us/rmLmBvS,RealSport101,gfinityplc,21
geni.us/pAll,Gfinity-Default,gfinityplc,21
geni.us/SMfmq,Stealth-General,gfinityplc,21
geni.us/JRuA,Racing Games,gfinityplc,21
geni.us/yPwBoo,Gfinity-Default,gfinityplc,21
geni.us/suHdvqj,Stealth-General,gfinityplc,21
geni.us/Doj3vY,Stealth-General,gfinityplc,21
geni.us/LAQkrG,racing-games-youtube,gfinityplc,21
geni.us/2GInY9,Stealth-General,gfinityplc,21
geni.us/4JMwX,Gfinity-Default,gfinityplc,21
geni.us/hQywhw,Gfin-best-mon-cnsl,gfinityplc,21
geni.us/ZSiBpU,Racing Games,gfinityplc,21
geni.us/YcA2Wew,Racing Games,gfinityplc,21
geni.us/bV3OYb,Stealth-General,gfinityplc,21
geni.us/LRhx,Racing Games,gfinityplc,21
geni.us/Ee3AG,RealSport101,gfinityplc,21
geni.us/v05sq,Racing Games,gfinityplc,21
geni.us/EYu9uu,racing-games-youtube,gfinityplc,21
geni.us/pFzPTIO,Gfinity-Default,gfinityplc,20
geni.us/zquiZin,MTG Rocks,gfinityplc,20
geni.us/pPRyGh5,Racing Games,gfinityplc,20
geni.us/p6TMf,Stealth-General,gfinityplc,20
geni.us/R8GT,Gfinity-Default,gfinityplc,20
geni.us/lj3s,RealSport101,gfinityplc,20
geni.us/VMtAGC,Racing Games,gfinityplc,20
geni.us/d39bfLc,MTG Rocks,gfinityplc,20
geni.us/U5bB4R,Racing Games,gfinityplc,20
geni.us/CoUBb,Stealth-General,gfinityplc,20
geni.us/EDTUb,Racing Games,gfinityplc,20
geni.us/Azuc,Gfinity-Default,gfinityplc,20
geni.us/DAsgJZA,Gfin-best-mon-cnsl,gfinityplc,20
geni.us/5bo5A7X,Gfinity-Default,gfinityplc,20
geni.us/6mVkGKP,Gfinity-Default,gfinityplc,20
geni.us/O5xBb2,Racing Games,gfinityplc,20
geni.us/Hc61QJX,racing-games-youtube,gfinityplc,20
geni.us/KNqotM4,racing-games-youtube,gfinityplc,20
geni.us/voiFdou,MTG Rocks,gfinityplc,19
geni.us/mU8f,Stealth-General,gfinityplc,19
geni.us/jUKLZsT,Racing Games,gfinityplc,19
geni.us/PeVUC2s,Stealth-General,gfinityplc,19
geni.us/ZcWlA5g,Stealth-General,gfinityplc,19
geni.us/Bm2w8Hi,Racing Games,gfinityplc,19
geni.us/OuPqj,Racing Games,gfinityplc,19
geni.us/NuUj4g,RealSport101,gfinityplc,19
geni.us/8brl,Racing Games,gfinityplc,19
geni.us/ehbk,Racing Games,gfinityplc,19
geni.us/97JRk,Stealth-buy-Guides,gfinityplc,19
geni.us/DZMwHXN,RealSport101,gfinityplc,19
geni.us/JhBhd,RealSport101,gfinityplc,19
geni.us/lbFxawt,RealSport101,gfinityplc,19
geni.us/p6B64D,Stealth-General,gfinityplc,19
geni.us/7meY8Ur,Racing Games,gfinityplc,19
geni.us/KanYOK,Gfinity-Default,gfinityplc,19
geni.us/2r1LSk,RealSport101,gfinityplc,19
geni.us/bfB55,Stealth-General,gfinityplc,19
geni.us/3W6pac,Racing Games,gfinityplc,19
geni.us/2FZsMY,Gfinity-Default,gfinityplc,19
geni.us/saHKHI3,RealSport101,gfinityplc,19
geni.us/yjFx,RealSport101,gfinityplc,19
geni.us/JSN5Rn3,Gfinity-Default,gfinityplc,19
geni.us/nL9lk9m,Racing Games,gfinityplc,19
geni.us/hnz9SlX,Stealth-General,gfinityplc,18
geni.us/uMK5,Stealth-General,gfinityplc,18
geni.us/jgFr,Stealth-General,gfinityplc,18
