"Keyword","Vol","CPC","Comp","Apr 2023","May 2023","Jun 2023","Jul 2023","Aug 2023","Sep 2023","Oct 2023","Nov 2023","Dec 2023","Jan 2024","Mar 2024","Apr 2024"
"what language does egypt speak","-","-","-","","","","","","","","","","","",""
"what language does eritrea speak","-","-","-","","","","","","","","","","","",""
"what language does ethiopia speak","-","-","-","","","","","","","","","","","",""
"what language does emma kok speak","-","-","-","","","","","","","","","","","",""
"what language does estonia speak","-","-","-","","","","","","","","","","","",""
"what language does ecuador speak","-","-","-","","","","","","","","","","","",""
"what language does equatorial guinea speak","-","-","-","","","","","","","","","","","",""
"what language does england speak","-","-","-","","","","","","","","","","","",""
"what language does excel use","-","-","-","","","","","","","","","","","",""
"what language does english come from","-","-","-","","","","","","","","","","","",""