Top pages,Clicks,Impressions,CTR,Position
https://www.buyshedsdirect.co.uk/blog/post/filling-large-planters-what-to-add-for-drainage,9882,390870,2.53%,10.38
https://www.buyshedsdirect.co.uk/blog/post/how-to-lay-slab-base-for-sheds,9537,326459,2.92%,15.03
https://www.buyshedsdirect.co.uk/blog/post/how-to-build-a-shed-base-on-uneven-ground,5847,256144,2.28%,11.25
https://www.buyshedsdirect.co.uk/blog/post/how-to-build-a-shed-base-with-concrete-blocks,5828,264354,2.2%,15.59
https://www.buyshedsdirect.co.uk/blog/post/running-power-adding-electricity-to-a-shed,5013,238457,2.1%,12.15
https://www.buyshedsdirect.co.uk/blog/post/care-and-maintenance-of-pressure-treated-wood,3195,264575,1.21%,22.45
https://www.buyshedsdirect.co.uk/blog/post/greenhouse-base-ideas-and-foundation-options,3034,120213,2.52%,10.18
https://www.buyshedsdirect.co.uk/blog/post/garden-fence-law-fence-height-regulations,2977,411361,0.72%,15.07
https://www.buyshedsdirect.co.uk/blog/post/how-to-guide-insulating-a-shed-tips,2604,315869,0.82%,13.3
https://www.buyshedsdirect.co.uk/blog/post/clever-storage-ideas-for-small-sheds,2495,293099,0.85%,21.52
https://www.buyshedsdirect.co.uk/blog/post/how-to-insulate-a-garden-log-cabin,2159,81362,2.65%,20.19
https://www.buyshedsdirect.co.uk/blog/post/garden-trellis-guide-6-best-climbing-plants-for-trellis,2102,206028,1.02%,20.49
https://www.buyshedsdirect.co.uk/blog/post/what-type-of-shed-should-i-buy,2094,150623,1.39%,14.17
https://www.buyshedsdirect.co.uk/blog/post/can-you-put-a-shed-on-gravel,1833,93766,1.95%,9.59
https://www.buyshedsdirect.co.uk/blog/post/do-plastic-sheds-need-a-base,1809,108616,1.67%,10.87
https://www.buyshedsdirect.co.uk/blog/post/how-to-build-a-shed-base,1803,274630,0.66%,21.25
https://www.buyshedsdirect.co.uk/blog/post/how-to-install-a-shed-base-on-grass,1507,115837,1.3%,14.94
https://www.buyshedsdirect.co.uk/blog/post/harnessing-solar-power-with-solar-panels-for-sheds,1442,130861,1.1%,23.28
https://www.buyshedsdirect.co.uk/blog/post/how-to-store-bicycles-outside-garage-shed-and-without,1365,192956,0.71%,28.01
https://www.buyshedsdirect.co.uk/blog/post/plastic-sheds-vs-wooden-sheds,1297,68797,1.89%,14.79
https://www.buyshedsdirect.co.uk/blog/post/no-fuss-gardens-no-mow-lawn-alternatives-for-2023,1270,60440,2.1%,13.08
https://www.buyshedsdirect.co.uk/blog/post/creative-outdoor-bar-ideas-garden-bar-seating,1240,307803,0.4%,13.85
https://www.buyshedsdirect.co.uk/blog/post/ideas-for-a-long-narrow-garden-design,1235,98958,1.25%,13.5
https://www.buyshedsdirect.co.uk/blog/post/wheelie-bin-storage-ideas-hide-disguise-conceal,1191,108554,1.1%,12.31
https://www.buyshedsdirect.co.uk/blog/post/cheap-vs-best-garden-storage,803,63003,1.27%,33.83
https://www.buyshedsdirect.co.uk/blog/post/garden-shed-workshop-ideas-layout,775,90379,0.86%,15.84
https://www.buyshedsdirect.co.uk/blog/post/summer-house-ideas-on-a-budget-affordable-garden-getaway,762,140175,0.54%,20.17
https://www.buyshedsdirect.co.uk/blog/post/resin-vs-vinyl-vs-plastic-shed-materials-what-is-the-difference,747,85710,0.87%,27.61
https://www.buyshedsdirect.co.uk/blog/post/garden-seating-ideas-areas-to-inspire-your-garden-design,743,104619,0.71%,11.22
https://www.buyshedsdirect.co.uk/blog/post/outdoor-log-store-ideas-storage-tips,742,133912,0.55%,21.3
https://www.buyshedsdirect.co.uk/blog/post/how-to-dismantle-a-shed,720,81413,0.88%,16.3
https://www.buyshedsdirect.co.uk/blog/post/how-to-soundproof-a-drumming-shed,703,55231,1.27%,17.1
https://www.buyshedsdirect.co.uk/blog/post/how-do-i-hide-my-garden-shed,693,28444,2.44%,9.89
https://www.buyshedsdirect.co.uk/blog/post/how-to-build-a-log-store,689,87590,0.79%,11.97
https://www.buyshedsdirect.co.uk/blog/post/how-to-weatherproof-and-waterproof-a-shed,662,84847,0.78%,13.03
https://www.buyshedsdirect.co.uk/blog/post/top-garden-tool-storage-ideas-solutions,650,150562,0.43%,20.53
https://www.buyshedsdirect.co.uk/blog/post/shed-painting-ideas-paint-colours-for-sheds,647,127285,0.51%,17.32
https://www.buyshedsdirect.co.uk/blog/post/advantages-of-metal-sheds-vs-wooden-sheds,645,46142,1.4%,15.97
https://www.buyshedsdirect.co.uk/blog/post/constructing-a-shed-how-long-does-it-take-to-put-up,625,67773,0.92%,10.36
https://www.buyshedsdirect.co.uk/blog/post/playhouse-planning-permission,606,25246,2.4%,17.86
https://www.buyshedsdirect.co.uk/blog/post/garden-room-insulation-guide,604,48523,1.24%,16.68
https://www.buyshedsdirect.co.uk/blog/post/overlap-or-tongue-and-groove-shed,602,54104,1.11%,16.21
https://www.buyshedsdirect.co.uk/blog/post/your-secret-garden-five-clever-garden-screening-ideas-and-privacy-solutions,573,94106,0.61%,25.89
https://www.buyshedsdirect.co.uk/blog/post/fence-covering-ideas-how-to-cover-an-unsightly-fence,564,75897,0.74%,10.97
https://www.buyshedsdirect.co.uk/blog/post/how-to-build-a-shed,547,92617,0.59%,19.42
https://www.buyshedsdirect.co.uk/blog/post/10-best-shed-accessories-upgrades,524,41000,1.28%,17.48
https://www.buyshedsdirect.co.uk/blog/post/portable-gas-heaters-to-warm-your-shed,508,61973,0.82%,24.43
https://www.buyshedsdirect.co.uk/blog/post/fence-height-between-neighbours-law,505,68096,0.74%,6.45
https://www.buyshedsdirect.co.uk/blog/post/garden-fence-preservation-treating-preserving-wooden-fence-panels,493,87867,0.56%,31.97
https://www.buyshedsdirect.co.uk/blog/post/climbing-plants-for-arbours,389,34681,1.12%,24.74
https://www.buyshedsdirect.co.uk/blog/post/how-long-do-wooden-sheds-last-maintenance-and-repairs,350,42425,0.82%,8.92
https://www.buyshedsdirect.co.uk/blog/post/a-beginner-s-guide-to-allotments,347,28398,1.22%,15.39
https://www.buyshedsdirect.co.uk/blog/post/best-plastic-shed-advantages,345,32624,1.06%,28.27
https://www.buyshedsdirect.co.uk/blog/post/installing-windows-in-a-shed-guide-replacement-advice,329,38530,0.85%,27.51
https://www.buyshedsdirect.co.uk/blog/post/summer-house-paint-colour-ideas-to-brighten-up-garden,299,43581,0.69%,19.49
https://www.buyshedsdirect.co.uk/blog/post/using-osb-for-shed-walls-roofs,295,51445,0.57%,16.19
https://www.buyshedsdirect.co.uk/blog/post/how-to-apply-for-planning-permission-for-a-shed,272,44642,0.61%,29.42
https://www.buyshedsdirect.co.uk/blog/post/guide-to-roofing-a-shed-replacement-options-edpm-vs-felt,268,92777,0.29%,38.74
https://www.buyshedsdirect.co.uk/blog/post/how-to-felt-a-shed-roof,268,74870,0.36%,26.27
https://www.buyshedsdirect.co.uk/blog/post/should-i-buy-a-summer-house-or-a-log-cabin,256,51000,0.5%,26.4
https://www.buyshedsdirect.co.uk/blog/post/how-to-make-a-shed-slate-roof,251,11928,2.1%,28.23
https://www.buyshedsdirect.co.uk/blog/post/top-5-decorative-garden-fence-idea,243,154563,0.16%,29.37
https://www.buyshedsdirect.co.uk/blog/post/how-to-make-a-wheelie-bin-store-diy-guide,231,25354,0.91%,22.59
https://www.buyshedsdirect.co.uk/blog/post/community-gardens-projects-ideas-benefits,225,24862,0.9%,24.15
https://www.buyshedsdirect.co.uk/blog/post/guide-to-building-and-installing-a-garden-fence,223,64067,0.35%,36.42
https://www.buyshedsdirect.co.uk/blog/post/what-type-of-shed-makes-the-best-garden-workshop,218,46152,0.47%,30.49
https://www.buyshedsdirect.co.uk/blog/post/five-tools-you-need-to-build-a-shed,200,14961,1.34%,15.8
https://www.buyshedsdirect.co.uk/blog/post/levelling-a-shed-base-sloped-or-uneven-ground,196,19625,1%,12.96
https://www.buyshedsdirect.co.uk/blog/post/what-is-a-man-cave-shed-ideas-budget,178,21220,0.84%,9.33
https://www.buyshedsdirect.co.uk/blog/post/what-should-you-do-with-your-old-fence-panels,177,14214,1.25%,13.35
https://www.buyshedsdirect.co.uk/blog/post/how-to-beef-up-garden-shed-security,171,30472,0.56%,33.38
https://www.buyshedsdirect.co.uk/blog/post/apex-or-pent-shed-roof,149,23404,0.64%,31.61
https://www.buyshedsdirect.co.uk/blog/post/childrens-playhouse-ideas-for-creativity-play,146,67844,0.22%,39.56
https://www.buyshedsdirect.co.uk/blog/post/best-shed-cladding-options,142,32942,0.43%,31.6
https://www.buyshedsdirect.co.uk/blog/post/what-is-tongue-and-groove-cladding,140,52905,0.26%,25.03
https://www.buyshedsdirect.co.uk/blog/post/shed-maintenance-tips-cleaning-care-advice,134,17403,0.77%,15.09
https://www.buyshedsdirect.co.uk/blog/post/read-our-exclusive-review-of-forests-brand-new-range-of-beckwood-sheds,132,5792,2.28%,12.53
https://www.buyshedsdirect.co.uk/blog/post/3-superb-reasons-why-your-next-garden-shed-should-be-a-4life-modular-shed,131,11919,1.1%,19.1
https://www.buyshedsdirect.co.uk/blog/post/garden-ideas-small-spaces-space-saving-alternative-shed-storage,130,12758,1.02%,16.74
https://www.buyshedsdirect.co.uk/blog/post/innovative-garden-storage-ideas-solutions,124,31242,0.4%,29.46
https://www.buyshedsdirect.co.uk/blog/post/your-one-stop-guide-to-forests-fantastic-3-ranges-of-wooden-sheds,123,4776,2.58%,14.21
https://www.buyshedsdirect.co.uk/blog/post/how-to-insulate-a-garden-shed,120,38033,0.32%,10
https://www.buyshedsdirect.co.uk/blog/post/climbing-plants-for-pergolas-arches-arbours,119,30204,0.39%,29.63
https://www.buyshedsdirect.co.uk/blog/post/firewood-log-storage-ideas,119,21739,0.55%,13.97
https://www.buyshedsdirect.co.uk/blog/post/waterproof-garden-canopy-ideas-sheds-small-gardens,115,23703,0.49%,13.46
https://www.buyshedsdirect.co.uk/blog/post/5-small-summerhouses-for-under-900-pounds,108,49511,0.22%,29.81
https://www.buyshedsdirect.co.uk/blog/post/creating-shade-in-the-garden-shade-sails-vs-gazebo-pergola-plants,105,21633,0.49%,38.39
https://www.buyshedsdirect.co.uk/blog/post/how-to-turn-your-shed-into-the-perfect-den-for-big-kids,98,3546,2.76%,24.23
https://www.buyshedsdirect.co.uk/blog/post/our-one-stop-guide-to-the-most-popular-designs-of-traditional-fencing,96,15470,0.62%,31.02
https://www.buyshedsdirect.co.uk/blog/post/hide-wheelie-bin-storage-ideas,95,17565,0.54%,7.21
https://www.buyshedsdirect.co.uk/blog/post/choosing-best-garden-furniture-covers,86,17611,0.49%,28.69
https://www.buyshedsdirect.co.uk/blog/post/ideas-for-creating-the-perfect-garden-shed-gym,85,37325,0.23%,40.15
https://www.buyshedsdirect.co.uk/blog/post/bug-proofing-your-shed,85,7350,1.16%,15.92
https://www.buyshedsdirect.co.uk/blog/post/which-is-the-best-shed-felt-to-use,84,49493,0.17%,37.54
https://www.buyshedsdirect.co.uk/blog/post/are-plastic-sheds-any-good,84,22486,0.37%,38.75
https://www.buyshedsdirect.co.uk/blog/post/your-guide-to-creating-a-log-cabin-garden-office,83,39378,0.21%,21.89
https://www.buyshedsdirect.co.uk/blog/post/how-to-build-a-pergola-for-beginners-guide,83,25762,0.32%,24.94
https://www.buyshedsdirect.co.uk/blog/post/are-wooden-planters-good-bringing-rustic-elegance-to-your-garden,79,19653,0.4%,13.45
https://www.buyshedsdirect.co.uk/blog/post/5-fantastic-ways-to-make-and-save-money-using-a-garden-log-cabin,77,20375,0.38%,31.81
https://www.buyshedsdirect.co.uk/blog/post/a-useful-guide-to-the-differences-between-sheds-workshops-and-wooden-garages,76,24210,0.31%,43.01
https://www.buyshedsdirect.co.uk/blog/post/do-summer-houses-add-value-to-your-home,74,12283,0.6%,12.47
https://www.buyshedsdirect.co.uk/blog/post/shed-security-5-best-secure-garden-sheds-reviewed,73,14919,0.49%,43.67
https://www.buyshedsdirect.co.uk/blog/post/small-garden-ideas-cottage-garden-inspiration-concepts-layouts,71,34985,0.2%,48.88
https://www.buyshedsdirect.co.uk/blog/post/which-garden-building-is-best-for-me,70,20974,0.33%,46.34
https://www.buyshedsdirect.co.uk/blog/post/how-to-insulate-a-summer-house-ventilation-tips,67,7256,0.92%,7.82
https://www.buyshedsdirect.co.uk/blog/post/how-to-paint-a-shed,66,29707,0.22%,45.81
https://www.buyshedsdirect.co.uk/blog/post/turn-shed-cosy-winter-hideaway,63,2813,2.24%,11.7
https://www.buyshedsdirect.co.uk/blog/post/solar-power-panel-ideas-for-the-garden,62,8659,0.72%,20.99
https://www.buyshedsdirect.co.uk/blog/post/creative-garden-seating-areas-ideas,61,14383,0.42%,8.68
https://www.buyshedsdirect.co.uk/blog/post/when-is-the-best-time-of-year-to-use-a-greenhouse,61,11519,0.53%,24.17
https://www.buyshedsdirect.co.uk/blog/post/top-5-reasons-to-buy-a-potting-shed-plus-my-alternative-top-10-reasons-to-own-a-potting-shed,61,4002,1.52%,30.35
https://www.buyshedsdirect.co.uk/blog/post/greenhouse-staging-shelving-storage-ideas,60,13005,0.46%,19.83
https://www.buyshedsdirect.co.uk/blog/post/diy-garage-storage-design-shelving-workbench-ideas,60,11433,0.52%,12.29
https://www.buyshedsdirect.co.uk/blog/post/which-are-britains-10-strongest-most-secure-metal-garden-storage-units-and-sheds,58,10885,0.53%,45.69
https://www.buyshedsdirect.co.uk/blog/post/garden-studio-design-tips-creative-home-space,57,32309,0.18%,49.74
https://www.buyshedsdirect.co.uk/blog/post/what-is-a-garage-buying-the-best-garages,56,16325,0.34%,6.45
https://www.buyshedsdirect.co.uk/blog/post/buy-a-bargain-summerhouse-or-playhouse-to-make-the-school-summer-holidays-special,55,4665,1.18%,20.01
https://www.buyshedsdirect.co.uk/blog/post/garden-house-extension-vs-brick-extension,51,31351,0.16%,43.73
https://www.buyshedsdirect.co.uk/blog/post/garden-room-uses-how-to-create-your-own-garden-music-studio,51,9187,0.56%,22.02
https://www.buyshedsdirect.co.uk/blog/post/shed-roof-felt-replacement-guide,48,17831,0.27%,16.38
https://www.buyshedsdirect.co.uk/blog/post/types-of-shed,46,14546,0.32%,14.92
https://www.buyshedsdirect.co.uk/blog/post/can-i-install-a-brick-foundation-for-a-shed,45,4270,1.05%,12.34
https://www.buyshedsdirect.co.uk/blog/post/fence-post-repair-vs-replacement,43,9637,0.45%,8.68
https://www.buyshedsdirect.co.uk/blog/post/can-log-cabins-be-used-throughout-autumn-winter,41,5145,0.8%,33.61
https://www.buyshedsdirect.co.uk/blog/post/how-to-turn-shed-into-gym-ideas,40,8074,0.5%,18.21
https://www.buyshedsdirect.co.uk/blog/post/do-i-need-planning-permission-for-sheds-or-log-cabins,38,39148,0.1%,44.59
https://www.buyshedsdirect.co.uk/blog/post/everything-you-need-to-know-about-modular-garden-products,38,3390,1.12%,23.62
https://www.buyshedsdirect.co.uk/blog/post/best-climbing-plants-for-trellis,34,14098,0.24%,12.71
https://www.buyshedsdirect.co.uk/blog/post/theres-still-time-to-shop-our-biggest-and-best-black-november-ever,33,7699,0.43%,36.13
https://www.buyshedsdirect.co.uk/blog/post/best-mini-greenhouses-cold-frames-ideas,33,3915,0.84%,15.43
https://www.buyshedsdirect.co.uk/blog/post/top-5-garden-arbours,32,7686,0.42%,47.43
https://www.buyshedsdirect.co.uk/blog/post/differences-between-apex-and-reverse-apex-shed-roof-types,31,3048,1.02%,22.61
https://www.buyshedsdirect.co.uk/blog/post/garden-office-interior-design-ideas-layouts-tips,29,14067,0.21%,30.54
https://www.buyshedsdirect.co.uk/blog/post/off-the-shelf-vs-homemade-greenhouse-shelving-ideas,28,8452,0.33%,17.18
https://www.buyshedsdirect.co.uk/blog/post/garden-waste-disposal-recycling-to-avoid-burning,28,7339,0.38%,14.36
https://www.buyshedsdirect.co.uk/blog/post/20-raised-garden-bed-ideas-and-designs,27,6441,0.42%,17.56
https://www.buyshedsdirect.co.uk/blog/post/outdoor-shade-ideas-for-a-garden,26,10144,0.26%,28.23
https://www.buyshedsdirect.co.uk/blog/post/creative-garden-ideas-and-hacks-to-transform-your-outdoor-space,26,9574,0.27%,32.56
https://www.buyshedsdirect.co.uk/blog/post/best-garden-storage-boxes,25,13315,0.19%,53.29
https://www.buyshedsdirect.co.uk/blog/post/how-forest-4life-sheds-are-rewriting-the-rule-book-for-wooden-sheds-longevity,25,2592,0.96%,19.48
https://www.buyshedsdirect.co.uk/blog/post/our-essential-guide-to-choosing-the-best-decorative-fencing-for-your-garden,24,6738,0.36%,46.84
https://www.buyshedsdirect.co.uk/blog/post/freestanding-wooden-and-metal-garages,21,8412,0.25%,38.75
https://www.buyshedsdirect.co.uk/blog/post/how-to-apply-for-shed-planning-permission,21,5870,0.36%,18.23
https://www.buyshedsdirect.co.uk/blog/post/fence-height-extension-covering-ideas,21,2643,0.79%,9.36
https://www.buyshedsdirect.co.uk/blog/post/modern-garden-inspiring-design-ideas-for-2023,20,31723,0.06%,44.71
https://www.buyshedsdirect.co.uk/blog/post/5-great-reasons-to-buy-aluminium-driveway-double-gates-and-how-to-fit-them,20,9060,0.22%,60.5
https://www.buyshedsdirect.co.uk/blog/post/deck-ideas-composite-patio-decking-in-garden,19,16306,0.12%,20.03
https://www.buyshedsdirect.co.uk/blog/post/what-is-a-summer-house-meaning,19,10348,0.18%,15.57
https://www.buyshedsdirect.co.uk/blog/post/embracing-self-sufficiency-sustainability-and-off-grid-living,19,8473,0.22%,50.62
https://www.buyshedsdirect.co.uk/blog/post/cheap-shed-ideas-and-the-best-value-plastic-sheds,19,5406,0.35%,36.38
https://www.buyshedsdirect.co.uk/blog/post/how-to-hide-a-shed,19,2903,0.65%,6.26
https://www.buyshedsdirect.co.uk/blog/post/fence-accessories-guide,18,10572,0.17%,34.87
https://www.buyshedsdirect.co.uk/blog/post/maximising-urban-gardens-vertical-container-gardening-solutions-small-spaces,18,5436,0.33%,31.07
https://www.buyshedsdirect.co.uk/blog/post/garage-tool-storage-ideas,17,19744,0.09%,33.9
https://www.buyshedsdirect.co.uk/blog/post/why-the-new-forest-georgian-tall-wall-lean-to-greenhouse-is-the-perfect-glasshouse-for-you,16,1474,1.09%,21.73
https://www.buyshedsdirect.co.uk/blog/post/what-are-the-best-bike-storage-solutions-for-bicycles-electric-bikes-and-motorbikes,15,7927,0.19%,66.53
https://www.buyshedsdirect.co.uk/blog/post/choosing-the-best-shed-for-your-garden-shed-design-ideas,14,9947,0.14%,44.07
https://www.buyshedsdirect.co.uk/blog/post/how-to-build-a-greenhouse-guide,14,3911,0.36%,14.35
https://www.buyshedsdirect.co.uk/blog/post/garage-conversion-ideas-perfect-interior-makeover,13,5716,0.23%,22.39
https://www.buyshedsdirect.co.uk/blog/post/garden-workshops-the-hardest-working-sheds,13,4754,0.27%,28.61
https://www.buyshedsdirect.co.uk/blog/post/the-top-5-reasons-to-buy-a-metal-shed-and-which-ones-you-should-choose,13,3884,0.33%,53.45
https://www.buyshedsdirect.co.uk/blog/post/quick-guide-using-canes-supports-garden,13,609,2.13%,13.87
https://www.buyshedsdirect.co.uk/blog/post/why-you-should-consider-buying-a-summer-house-in-2023,12,19603,0.06%,42.18
https://www.buyshedsdirect.co.uk/blog/post/stylish-front-garden-fence-ideas,12,7139,0.17%,17.36
https://www.buyshedsdirect.co.uk/blog/post/treating-fence-panels-guide,12,4915,0.24%,23.6
https://www.buyshedsdirect.co.uk/blog/post/christmas-guide-to-choosing-a-childrens-playhouse,12,3978,0.3%,51.73
https://www.buyshedsdirect.co.uk/blog/post/7-special-types-of-garden-storage-to-keep-your-valuable-items-protected,12,1687,0.71%,32.65
https://www.buyshedsdirect.co.uk/blog/post/log-store-plans,11,4812,0.23%,26.44
https://www.buyshedsdirect.co.uk/blog/post/make-huge-savings-on-wooden-sheds-this-bank-holiday-weekend-only,11,477,2.31%,19.32
https://www.buyshedsdirect.co.uk/blog/post/10-special-christmas-gifts-for-people-who-love-their-gardens,10,1217,0.82%,23.09
https://www.buyshedsdirect.co.uk/blog/category/sheds,10,927,1.08%,26.98
https://www.buyshedsdirect.co.uk/blog/post/preparing-for-your-new-shed,10,559,1.79%,61.47
https://www.buyshedsdirect.co.uk/blog/post/fathers-day-giveaway-2025,10,415,2.41%,18.79
https://www.buyshedsdirect.co.uk/blog/post/what-is-tongue-and-groove-cladding-for-sheds,9,4679,0.19%,14.27
https://www.buyshedsdirect.co.uk/blog/post/top-5-best-8x6-sheds,9,3689,0.24%,62.24
https://www.buyshedsdirect.co.uk/blog/post/wooden-shed-designs-and-design-plans,9,2741,0.33%,25.9
https://www.buyshedsdirect.co.uk/blog/post/5-ways-to-customise-your-forest-wallscape-wooden-greenhouse,9,2469,0.36%,34.57
https://www.buyshedsdirect.co.uk/blog/post/shed-of-the-year-2016-episode-four,9,1010,0.89%,21.9
https://www.buyshedsdirect.co.uk/blog/post/shed-of-the-year-2015-the-second-episode,9,635,1.42%,33.27
https://www.buyshedsdirect.co.uk/blog/post/how-britains-best-range-of-wooden-sheds-has-just-got-bigger-and-better,9,491,1.83%,24.62
https://www.buyshedsdirect.co.uk/blog/post/a-gazebo-adds-luxury-to-your-garden,8,4955,0.16%,64.11
https://www.buyshedsdirect.co.uk/blog/post/the-best-apps-to-get-you-gardening,8,3538,0.23%,54.69
https://www.buyshedsdirect.co.uk/blog/post/your-guide-to-buying-a-greenhouse,8,3468,0.23%,61.68
https://www.buyshedsdirect.co.uk/blog/post/5-festive-ways-to-make-use-of-your-log-cabin-this-christmas,8,698,1.15%,12.16
https://www.buyshedsdirect.co.uk/blog/post/why-to-shop-palram-canopia-for-the-best-plastic-garden-buildings,8,696,1.15%,23.07
https://www.buyshedsdirect.co.uk/blog/post/clever-garden-screening-ideas-and-privacy-solutions,7,6177,0.11%,20.95
https://www.buyshedsdirect.co.uk/blog/post/how-to-build-a-fence,7,4440,0.16%,26.86
https://www.buyshedsdirect.co.uk/blog/post/working-form-home-using-your-shed-or-log-cabin-as-a-garden-office,7,1325,0.53%,32.6
https://www.buyshedsdirect.co.uk/blog/post/cant-decide-on-a-playhouse-check-out-our-new-range,7,1095,0.64%,25.01
https://www.buyshedsdirect.co.uk/blog/post/forest-garden-partners-with-alan-titchmarshs-new-youtube-channel,7,1027,0.68%,25.87
https://www.buyshedsdirect.co.uk/blog/post/best-time-to-get-your-log-store,7,441,1.59%,22.06
https://www.buyshedsdirect.co.uk/blog/post/shed-of-the-year-2016-episode-three,7,422,1.66%,31.14
https://www.buyshedsdirect.co.uk/blog/post/great-buys-to-get-kids-playing-outside,7,379,1.85%,22.34
https://www.buyshedsdirect.co.uk/blog/post/know-your-history-why-britain-loves-allotments,7,294,2.38%,20.83
https://www.buyshedsdirect.co.uk/blog/post/garden-room-design-ideas-guide,6,31576,0.02%,56.68
https://www.buyshedsdirect.co.uk/blog/post/garden-room-decor-ideas-decor-interior-design-tips,6,10379,0.06%,54.05
https://www.buyshedsdirect.co.uk/blog/post/summer-house-ideas-uses-on-a-budget,6,4108,0.15%,16.18
https://www.buyshedsdirect.co.uk/blog/post/why-you-need-a-patio-heater-or-fire-pit,6,3924,0.15%,32.99
https://www.buyshedsdirect.co.uk/blog/post/what-is-a-potting-shed-ideas-for-gardeners,6,1906,0.31%,9.56
https://www.buyshedsdirect.co.uk/blog/post/high-security-garden-sheds-reviewed,6,1006,0.6%,33.22
https://www.buyshedsdirect.co.uk/blog/post/spend-and-save-with-forest-garden,6,592,1.01%,38.56
https://www.buyshedsdirect.co.uk/blog/post/get-an-extra-5-off-forest-xtend-garden-office-sale-prices-now,6,529,1.13%,43.49
https://www.buyshedsdirect.co.uk/blog/post/its-never-too-late-to-buy-a-summer-house,6,414,1.45%,44.38
https://www.buyshedsdirect.co.uk/blog/post/shed-of-the-year-2016-episode-one/,6,52,11.54%,11.5
https://www.buyshedsdirect.co.uk/blog/post/5-great-greenhouses-and-what-foods-to-grow-in-them,5,3777,0.13%,64.25
https://www.buyshedsdirect.co.uk/blog/post/top-5-uk-gardening-blogs,5,1938,0.26%,53.89
https://www.buyshedsdirect.co.uk/blog/post/embracing-maximalism-designing-the-perfect-maximalist-garden,5,1077,0.46%,13.99
https://www.buyshedsdirect.co.uk/blog/post/how-to-tame-your-wild-allotment,5,551,0.91%,8.6
https://www.buyshedsdirect.co.uk/blog/category/garden-offices,4,11578,0.03%,68.67
https://www.buyshedsdirect.co.uk/blog/post/should-i-buy-a-metal-plastic-or-wooden-shed-which-is-the-best-material,4,1453,0.28%,15.8
https://www.buyshedsdirect.co.uk/blog/post/5-decorative-fencing-ideas,4,1332,0.3%,42.39
https://www.buyshedsdirect.co.uk/blog/post/meet-our-suppliers-forest-garden,4,1078,0.37%,22.22
https://www.buyshedsdirect.co.uk/blog/post/how-to-build-a-pergola/,4,83,4.82%,15.01
https://www.buyshedsdirect.co.uk/blog/post/shed-of-the-year-2015-an-update,4,80,5%,26.59
https://www.buyshedsdirect.co.uk/blog/post/how-to-use-paving-slabs-for-a-shed-base,3,2564,0.12%,60.17
https://www.buyshedsdirect.co.uk/blog/post/shed-of-the-year-2022-our-shed-experts-reveal-britains-best-garden-shed,3,2325,0.13%,34.92
https://www.buyshedsdirect.co.uk/blog/post/top-5-metal-sheds-and-stores,3,1556,0.19%,58.98
https://www.buyshedsdirect.co.uk/blog/post/its-time-for-you-to-get-growing-with-a-bargain-wooden-greenhouse,3,1349,0.22%,53.06
https://www.buyshedsdirect.co.uk/blog/post/low-maintenance-small-front-garden-ideas,3,1164,0.26%,17.1
https://www.buyshedsdirect.co.uk/blog/post/keep-warm-this-winter-with-our-two-new-red-hot-deals-on-garden-log-cabins,3,893,0.34%,56.07
https://www.buyshedsdirect.co.uk/blog/post/which-is-the-best-garden-building-for-me,3,883,0.34%,18.23
https://www.buyshedsdirect.co.uk/blog/post/borders-provide-your-garden-design-with-a-cutting-edge,3,775,0.39%,43.97
https://www.buyshedsdirect.co.uk/blog/category/outdoor-living,3,728,0.41%,48.01
https://www.buyshedsdirect.co.uk/blog/post/shed-of-the-year-2016-episode-two,3,677,0.44%,36
https://www.buyshedsdirect.co.uk/blog/post/for-the-best-wooden-shed-you-simply-have-to-shop-forest-premium,3,670,0.45%,47.23
https://www.buyshedsdirect.co.uk/blog/post/meet-our-suppliers-palram-canopia,3,344,0.87%,9.99
https://www.buyshedsdirect.co.uk/blog/post/autumn-garden-storage-giveaway,3,284,1.06%,24.86
https://www.buyshedsdirect.co.uk/blog/category/fencing,3,261,1.15%,47.58
https://www.buyshedsdirect.co.uk/blog/post/meet-our-suppliers-yardmaster,3,248,1.21%,26.94
https://www.buyshedsdirect.co.uk/blog/post/the-buy-sheds-direct-christmas-gift-guide,3,230,1.3%,17.42
https://www.buyshedsdirect.co.uk/blog/post/supplier-joy-as-forest-garden-wins-kings-award-for-enterprise-and-innovation,3,194,1.55%,9.89
https://www.buyshedsdirect.co.uk/blog/post/garden-room-planning-colours-use-faqs,3,173,1.73%,34.9
https://www.buyshedsdirect.co.uk/blog/post/gold-for-bradley-wiggins-owes-his-victory-to-time-spent-in-his-garden-shed,3,65,4.62%,26.65
https://www.buyshedsdirect.co.uk/blog/post/shed-of-the-year-2015-the-finalists,3,56,5.36%,15.14
https://www.buyshedsdirect.co.uk/blog/post/extend-your-gardening-season,3,5,60%,5.8
https://www.buyshedsdirect.co.uk/blog/post/what-are-the-best-log-cabins-and-garden-offices-for-homeworking,2,7157,0.03%,70.11
https://www.buyshedsdirect.co.uk/blog/post/home-garden-ideas-patios-back-gardens,2,5607,0.04%,9.41
https://www.buyshedsdirect.co.uk/blog/post/summer-garden-ideas,2,4065,0.05%,26.06
https://www.buyshedsdirect.co.uk/blog/post/garden-pergola-ideas-differences-pergola-vs-pagoda,2,1950,0.1%,11.87
https://www.buyshedsdirect.co.uk/blog/post/design-ideas-for-creating-a-garden-room,2,1333,0.15%,53.72
https://www.buyshedsdirect.co.uk/blog/post/outdoor-furniture-storage-ideas-during-winter,2,1266,0.16%,44.46
https://www.buyshedsdirect.co.uk/blog/post/best-garden-patio-furniture-space-saving-sustainable-ideas,2,1017,0.2%,26.38
https://www.buyshedsdirect.co.uk/blog/post/the-advantages-of-plastic-sheds,2,808,0.25%,40.15
https://www.buyshedsdirect.co.uk/blog/post/enjoy-superb-savings-on-the-uks-best-wooden-sheds-now,2,798,0.25%,25.39
https://www.buyshedsdirect.co.uk/blog/post/love-is-all-around-the-garden-this-valentines-day,2,583,0.34%,28.58
https://www.buyshedsdirect.co.uk/blog/post/grow-your-own-food-from-garden-planters-on-a-balcony,2,528,0.38%,29.22
https://www.buyshedsdirect.co.uk/blog/post/the-best-plastic-storage-boxes-for-2017,2,486,0.41%,53.52
https://www.buyshedsdirect.co.uk/blog/category/playhouses,2,454,0.44%,64.74
https://www.buyshedsdirect.co.uk/blog/post/michelle-berriedale-johnsons-gardening-guide-amateurs,2,402,0.5%,12.54
https://www.buyshedsdirect.co.uk/blog/post/5-fabulous-ways-to-make-your-garden-design-better-than-ever-this-summer,2,387,0.52%,26.57
https://www.buyshedsdirect.co.uk/blog/post/how-to-turn-your-garden-shed-into-santas-grotto,2,350,0.57%,12.76
https://www.buyshedsdirect.co.uk/blog/post/gardening-can-boost-serotonin-levels,2,318,0.63%,24.66
https://www.buyshedsdirect.co.uk/blog/post/what-the-shed-of-the-year-winners-have-taught-us-over-the-years,2,279,0.72%,36.87
https://www.buyshedsdirect.co.uk/blog/post/our-top-garden-products-for-autumn-and-winter,2,201,1%,28.79
https://www.buyshedsdirect.co.uk/blog/post/top-10-garden-resources,2,184,1.09%,33.15
https://www.buyshedsdirect.co.uk/blog/post/outdoor-furniture-ideas,2,157,1.27%,63.71
https://www.buyshedsdirect.co.uk/blog/post/shed-of-the-year-2016-episode-one,2,137,1.46%,17.79
https://www.buyshedsdirect.co.uk/blog/post/our-latest-shed-deal-roundup-is-here,2,103,1.94%,16.79
https://www.buyshedsdirect.co.uk/blog/post/10-of-our-favourite-black-november-deals,2,93,2.15%,9.83
https://www.buyshedsdirect.co.uk/blog/post/aprils-top-5-space-and-garden-storage-solutions,2,75,2.67%,28.68
https://www.buyshedsdirect.co.uk/blog/post/buy-sheds-direct-christmas-2025-opening-hours,2,60,3.33%,7.68
https://www.buyshedsdirect.co.uk/blog/post/do-garden-offices-add-value-to-your-home,1,7813,0.01%,57.44
https://www.buyshedsdirect.co.uk/blog/category/summer-houses,1,2556,0.04%,55.09
https://www.buyshedsdirect.co.uk/blog/post/your-guide-to-wooden-garden-benches-with-a-wow-factor,1,2116,0.05%,61.27
https://www.buyshedsdirect.co.uk/blog/post/why-you-dont-want-to-miss-our-2-superb-new-small-garden-storage-deals,1,1359,0.07%,55.22
https://www.buyshedsdirect.co.uk/blog/post/5-fabulous-wooden-garden-storage-deals-for-a-tidy-patio-this-autumn,1,1077,0.09%,46.19
https://www.buyshedsdirect.co.uk/blog/post/creating-a-productive-work-from-home-hub-with-a-garden-office,1,1065,0.09%,21.1
https://www.buyshedsdirect.co.uk/blog/post/garden-edging-ideas,1,1059,0.09%,18.93
https://www.buyshedsdirect.co.uk/blog/post/what-to-do-with-your-greenhouse-this-winter,1,994,0.1%,59.68
https://www.buyshedsdirect.co.uk/blog/post/10-great-reasons-to-buy-the-8-x-6-forest-shiplap-potting-shed,1,837,0.12%,23.75
https://www.buyshedsdirect.co.uk/blog/post/top-tips-for-setting-up-a-garden-workshop,1,818,0.12%,57.06
https://www.buyshedsdirect.co.uk/blog/post/find-your-perfect-garden-decking-our-top-five,1,794,0.13%,55.47
https://www.buyshedsdirect.co.uk/blog/post/6-ways-to-keep-the-kids-occupied-in-the-garden-this-summer,1,573,0.17%,11.85
https://www.buyshedsdirect.co.uk/blog/post/how-to-start-growing-your-own-fruit-and-vegetables-for-less,1,558,0.18%,58.38
https://www.buyshedsdirect.co.uk/blog/post/nigel-clarke-allergy-gardening-guide,1,427,0.23%,61.04
https://www.buyshedsdirect.co.uk/blog/post/our-top-3-children-s-playhouses,1,420,0.24%,45.02
https://www.buyshedsdirect.co.uk/blog/post/chelsea-flower-show-guy-barter-rhs,1,389,0.26%,33.76
https://www.buyshedsdirect.co.uk/blog/post/close-out-the-summer-with-our-summerhouse-sale,1,387,0.26%,33.74
https://www.buyshedsdirect.co.uk/blog/post/how-to-make-your-shed-secure,1,381,0.26%,75.4
https://www.buyshedsdirect.co.uk/blog/post/be-prepared-for-ice-and-snow-in-your-garden-and-driveway,1,288,0.35%,54.06
https://www.buyshedsdirect.co.uk/blog/post/phil-mccanns-10-step-guide-best-containers-ever,1,279,0.36%,19.22
https://www.buyshedsdirect.co.uk/blog/post/westlife-promote-raised-veggie-beds-is-it-fake-news,1,204,0.49%,25.64
https://www.buyshedsdirect.co.uk/blog/post/top-5-tips-for-buying-a-new-shed,1,195,0.51%,23.78
https://www.buyshedsdirect.co.uk/blog/post/make-garden-eco-friendly,1,143,0.7%,34.71
https://www.buyshedsdirect.co.uk/media/wysiwyg/Blog/BuyShedsDirect/4ergonomicseatingpalramcopenhagen.jpg,1,134,0.75%,13.01
https://www.buyshedsdirect.co.uk/blog/post/top-5-garden-storage-solutions,1,128,0.78%,25.54
https://www.buyshedsdirect.co.uk/blog/post/our-favourite-shed-of-the-year-2016-entries,1,124,0.81%,31.06
https://www.buyshedsdirect.co.uk/blog/post/11-ways-to-completely-revamp-your-log-storage-shed,1,119,0.84%,28.45
https://www.buyshedsdirect.co.uk/blog/post/why-a-garden-shed-is-perfect-for-the-upcoming-heatwave/,1,100,1%,13.72
https://www.buyshedsdirect.co.uk/blog/post/shed-of-the-year-2015-the-winner-has-been-crowned,1,92,1.09%,22.11
https://www.buyshedsdirect.co.uk/blog/category/shed-advice,1,72,1.39%,37.36
https://www.buyshedsdirect.co.uk/blog/post/shed-of-the-year-2015-the-third-episode,1,68,1.47%,29.28
https://www.buyshedsdirect.co.uk/blog/post/the-5-most-impressive-winter-garden-retreats,1,61,1.64%,42.28
https://www.buyshedsdirect.co.uk/blog/post/6-reasons-why-the-forest-brecon-log-cabin-belongs-in-your-garden,1,60,1.67%,27.4
https://www.buyshedsdirect.co.uk/blog/post/quick-guide-making-allotment-bee-friendly,1,52,1.92%,27.73
https://www.buyshedsdirect.co.uk/blog/post/a-guide-to-turning-your-shed-into-a-garden-workshop,1,46,2.17%,39.8
https://www.buyshedsdirect.co.uk/blog/post/buy-sheds-direct-christmas-opening-hours,1,44,2.27%,10.64
https://www.buyshedsdirect.co.uk/blog/post/harnessing-renewable-energy-for-the-family-home,1,32,3.12%,40.03
https://www.buyshedsdirect.co.uk/blog/category/log-cabins,1,28,3.57%,9.82
https://www.buyshedsdirect.co.uk/blog/post/forest-bordeaux-arbour-summer-giveaway,1,15,6.67%,21.2
https://www.buyshedsdirect.co.uk/blog/post/link-between-new-bee-virus-strain-and-mites-could-signal-an-end-to-bee-colony-decline,1,15,6.67%,22.27
https://www.buyshedsdirect.co.uk/blog/post/Forest-midi-garden-shed-giveaway,1,13,7.69%,33.38
https://www.buyshedsdirect.co.uk/blog/post/4-steps-getting-started-raised-bed-garden,1,5,20%,3
https://www.buyshedsdirect.co.uk/media/wysiwyg/Blog/BuyShedsDirect/patioDeckIdeas16SmallDeckWithAdjoiningPatioForestCompositeBrown.jpg,1,1,100%,12
https://www.buyshedsdirect.co.uk/blog/post/a-guide-to-diy-bird-feeders,0,4338,0%,44.89
https://www.buyshedsdirect.co.uk/blog/post/lighting-a-garden-best-lamp-ideas,0,2518,0%,32.27
https://www.buyshedsdirect.co.uk/blog/category/garden-storage,0,2361,0%,54.31
https://www.buyshedsdirect.co.uk/blog/post/sustainable-gardening-ideas,0,2026,0%,39.94
https://www.buyshedsdirect.co.uk/blog/post/garden-furniture-ideas-most-comfortable-outdoor-furniture,0,1642,0%,22.47
https://www.buyshedsdirect.co.uk/blog/post/how-to-stack-and-store-logs-for-the-winter,0,1638,0%,37.78
https://www.buyshedsdirect.co.uk/blog/post/huge-savings-on-premium-garden-buildings,0,1453,0%,44.15
https://www.buyshedsdirect.co.uk/blog/post/5-tips-to-keep-your-bicycle-secure,0,1417,0%,75.93
https://www.buyshedsdirect.co.uk/blog/post/how-to-maintain-your-timber-decking-over-winter,0,1056,0%,71.46
https://www.buyshedsdirect.co.uk/blog/post/log-cabins-uk-garden-office-retreats,0,803,0%,59.76
https://www.buyshedsdirect.co.uk/blog/post/find-your-perfect-log-cabin-our-top-picks,0,661,0%,53.51
https://www.buyshedsdirect.co.uk/blog/post/our-new-range-of-wooden-workshops,0,630,0%,88.22
https://www.buyshedsdirect.co.uk/blog/post/grab-huge-savings-on-log-cabins-today-for-enhanced-work-rest-and-play,0,572,0%,61.41
https://www.buyshedsdirect.co.uk/blog/post/2-sensational-log-cabin-deals-to-fill-your-family-with-festive-cheer-this-christmas,0,454,0%,58.41
https://www.buyshedsdirect.co.uk/blog/post/7-essential-fencing-accessories-to-complete-the-perfect-fence-run,0,442,0%,43.77
https://www.buyshedsdirect.co.uk/blog/post/gardening-projects-for-kids,0,418,0%,35.66
https://www.buyshedsdirect.co.uk/blog/post/with-our-extended-range-of-garden-bars-now-everyone-can-celebrate-summer-in-style,0,367,0%,38.96
https://www.buyshedsdirect.co.uk/blog/category/log-cabins?page=3,0,343,0%,54.73
https://www.buyshedsdirect.co.uk/blog/post/garden-house-extension-vs-brick-extenson,0,342,0%,44.95
https://www.buyshedsdirect.co.uk/blog/post/garden-shed-security-tips,0,330,0%,72.81
https://www.buyshedsdirect.co.uk/blog/post/how-to-dry-and-season-firewood,0,316,0%,52.46
https://www.buyshedsdirect.co.uk/blog/post/caring-for-your-garden-furniture-this-winter,0,314,0%,28.21
https://www.buyshedsdirect.co.uk/blog/post/a-guide-to-planting-bare-root-trees,0,291,0%,56.02
https://www.buyshedsdirect.co.uk/blog/post/5-classic-garden-designs,0,288,0%,37.7
https://www.buyshedsdirect.co.uk/blog/post/shed-buying-guide,0,278,0%,33
https://www.buyshedsdirect.co.uk/blog/post/guide-growing-9-popular-spring-vegetables,0,275,0%,51.68
https://www.buyshedsdirect.co.uk/blog/post/a-look-at-community-garden-projects-in-the-uk,0,270,0%,70.41
https://www.buyshedsdirect.co.uk/blog/post/3-ways-prepare-summer-garden,0,256,0%,82.95
https://www.buyshedsdirect.co.uk/blog/post/the-best-herb-planters-for-2017,0,252,0%,46.1
https://www.buyshedsdirect.co.uk/blog/post/growing-your-own-a-guide-to-planting-and-growing-flowers-food-herbs,0,238,0%,46.89
https://www.buyshedsdirect.co.uk/blog/post/easter-egg-hunt-competition,0,230,0%,59.98
https://www.buyshedsdirect.co.uk/blog/post/decorating-your-shed-for-summer,0,223,0%,55.48
https://www.buyshedsdirect.co.uk/blog/post/forest-fathers-day-giveaway-tool-store-,0,219,0%,61.02
https://www.buyshedsdirect.co.uk/blog/post/5-brand-new-forest-products-to-transform-your-garden-this-spring,0,217,0%,41.62
https://www.buyshedsdirect.co.uk/blog/post/buy-brand-new-bargain-summerhouses-in-our-extraordinary-pre-easter-offer,0,200,0%,29.65
https://www.buyshedsdirect.co.uk/blog/post/back-up-with-a-water-butt,0,188,0%,54.54
https://www.buyshedsdirect.co.uk/blog/post/what-type-of-shed-should-i-buy/,0,183,0%,30.63
https://www.buyshedsdirect.co.uk/blog/post/functional-garden-building,0,183,0%,68.48
https://www.buyshedsdirect.co.uk/blog/post/top-5-garden-buildings,0,182,0%,84.91
https://www.buyshedsdirect.co.uk/blog/post/9-foods-can-re-grow-kitchen,0,179,0%,29.21
https://www.buyshedsdirect.co.uk/blog/post/shed-choice-advice,0,172,0%,15.66
https://www.buyshedsdirect.co.uk/blog/post/5-sizzling-savings-to-make-your-garden-even-more-inviting-this-summer,0,166,0%,27.9
https://www.buyshedsdirect.co.uk/blog/post/quick-guide-lawn-maintenance,0,136,0%,61.3
https://www.buyshedsdirect.co.uk/media/wysiwyg/Blog/BuyShedsDirect/painted-garden-bar.jpg,0,129,0%,15.36
https://www.buyshedsdirect.co.uk/blog/post/how-to-plant-bulbs-for-a-super-spring-garden,0,129,0%,72.36
https://www.buyshedsdirect.co.uk/blog/post/working-wonders-with-botanical-paperworks,0,128,0%,30
https://www.buyshedsdirect.co.uk/blog/post/how-can-gardening-help-hedgehogs,0,128,0%,63.67
https://www.buyshedsdirect.co.uk/blog/post/7-magnificent-jubilee-offers-to-celebrate-70-years-of-the-queens-reign,0,120,0%,22.35
https://www.buyshedsdirect.co.uk/blog/post/the-best-wooden-greenhouses-for-2017,0,116,0%,29.53
https://www.buyshedsdirect.co.uk/blog/post/your-september-garden,0,107,0%,67
https://www.buyshedsdirect.co.uk/blog/post/the-september-garden-guide,0,106,0%,84.93
https://www.buyshedsdirect.co.uk/blog/post/why-playhouses-bring-out-creativity-and-imagination-in-children,0,105,0%,62.87
https://www.buyshedsdirect.co.uk/blog/post/storage-ideas-to-organise-your-garden,0,104,0%,67.19
https://www.buyshedsdirect.co.uk/blog/post/grow-your-own-fruit-and-veg-this-year-with-our-latest-gardening-deals,0,102,0%,50.72
https://www.buyshedsdirect.co.uk/blog/post/cheap-garden-storage-this-mid-winter,0,98,0%,69.29
https://www.buyshedsdirect.co.uk/blog/post/fathers-day-giveaway-goody-bag,0,92,0%,53.91
https://www.buyshedsdirect.co.uk/blog/post/5-scorching-summer-buys-to-make-you-the-perfect-garden-party-host,0,91,0%,29.71
https://www.buyshedsdirect.co.uk/blog/post/easter-egg-hunt,0,88,0%,93.53
https://www.buyshedsdirect.co.uk/blog/post/6-super-products-to-prepare-your-garden-for-the-school-summer-holidays,0,85,0%,28.48
https://www.buyshedsdirect.co.uk/blog/post/forest-mothers-day-fold-down-garden-bar-giveaway,0,84,0%,43.71
https://www.buyshedsdirect.co.uk/blog/post/customer-showcase-will-s-garden,0,83,0%,38.02
https://www.buyshedsdirect.co.uk/blog/post/8-new-years-resolutions-for-your-garden,0,82,0%,22.54
https://www.buyshedsdirect.co.uk/blog/post/2014-recipe-competition-entries,0,81,0%,54.04
https://www.buyshedsdirect.co.uk/blog/post/shed-of-the-year-an-update,0,78,0%,27.64
https://www.buyshedsdirect.co.uk/blog/post/competition-win-a-deluxe-shed-security-kit-via-twitter,0,77,0%,48.44
https://www.buyshedsdirect.co.uk/blog/category/fencing?page=2,0,77,0%,52.35
https://www.buyshedsdirect.co.uk/blog/post/get-your-garden-euros-ready-with-sensational-savings-on-summertime-staples,0,73,0%,15.48
https://www.buyshedsdirect.co.uk/blog/post/fathers-day-work-bench-giveaway,0,67,0%,52.45
https://www.buyshedsdirect.co.uk/media/wysiwyg/Blog/BuyShedsDirect/garden-pathway.jpg,0,65,0%,18.11
https://www.buyshedsdirect.co.uk/blog/post/green-fingers-gardening-festival-2015-round-up,0,65,0%,24.46
https://www.buyshedsdirect.co.uk/blog/post/shed-of-the-year-is-back,0,65,0%,48.83
https://www.buyshedsdirect.co.uk/blog/post/filling-large-planters-what-to-add-for-drainage/,0,63,0%,1
https://www.buyshedsdirect.co.uk/blog/category/outdoor-living?page=2,0,61,0%,123.26
https://www.buyshedsdirect.co.uk/blog/post/your-august-garden,0,60,0%,49.78
https://www.buyshedsdirect.co.uk/blog/post/british-shun-holidays-for-garden-projects-this-summer,0,57,0%,35.54
https://www.buyshedsdirect.co.uk/blog/category/news-interviews-and-competitions?page=3,0,56,0%,41.41
https://www.buyshedsdirect.co.uk/blog/post/2014-allotment-competition-entries,0,55,0%,58.56
https://www.buyshedsdirect.co.uk/blog/post/2014-allotment-recipe-and-blogger-competition,0,49,0%,36.02
https://www.buyshedsdirect.co.uk/blog/post/why-would-i-want-to-maintain-my-shed-surely-they-just-look-after-themselves,0,47,0%,18.79
https://www.buyshedsdirect.co.uk/media/wysiwyg/Blog/BuyShedsDirect/europa-panel.jpg,0,46,0%,16.3
https://www.buyshedsdirect.co.uk/blog/category/sheds?page=6,0,45,0%,34.18
https://www.buyshedsdirect.co.uk/blog/post/the-august-garden-guide,0,41,0%,63.1
https://www.buyshedsdirect.co.uk/media/wysiwyg/Blog/BuyShedsDirect/potting-shed_1.jpg,0,40,0%,16.77
https://www.buyshedsdirect.co.uk/blog/post/gardening-trends-for-2020,0,40,0%,56.17
https://www.buyshedsdirect.co.uk/media/wysiwyg/Blog/BuyShedsDirect/scahd_sunflower-garden-arbour.jpg,0,38,0%,20.82
https://www.buyshedsdirect.co.uk/media/wysiwyg/Blog/BuyShedsDirect/importanceOfCanopiesAustinATX.jpg,0,36,0%,13.92
https://www.buyshedsdirect.co.uk/media/wysiwyg/Blog/BuyShedsDirect/707065_12x10-pc-copenhagen-garden-office.jpg,0,35,0%,18.69
https://www.buyshedsdirect.co.uk/blog/category/sheds?page=12,0,35,0%,109.66
https://www.buyshedsdirect.co.uk/blog/post/2014-blogger-competition-entries,0,34,0%,5.29
https://www.buyshedsdirect.co.uk/media/wysiwyg/Blog/BuyShedsDirect/hgg36mctcfin-3-6m-thatched-roof-gazebo.jpg,0,34,0%,14.5
https://www.buyshedsdirect.co.uk/blog/post/save-up-to-15-on-britains-number-1-line-of-wooden-sheds-now,0,34,0%,25.53
https://www.buyshedsdirect.co.uk/blog/post/urban-food-week-edible-open-gardens-day,0,34,0%,48.88
https://www.buyshedsdirect.co.uk/media/wysiwyg/Blog/BuyShedsDirect/15canopyIdeas1Awnings28x10PalramOlympia.jpg,0,33,0%,17.27
https://www.buyshedsdirect.co.uk/blog/post/the-march-garden-guide,0,33,0%,51.09
https://www.buyshedsdirect.co.uk/media/wysiwyg/Blog/BuyShedsDirect/shed-workshop.jpg,0,32,0%,16.47
https://www.buyshedsdirect.co.uk/blog/category/sheds?page=10,0,32,0%,99.94
https://www.buyshedsdirect.co.uk/blog/post/wooden-garden-bench-easter-giveaway,0,31,0%,17.32
https://www.buyshedsdirect.co.uk/blog/post/how-to-make-the-most-of-your-garden-this-summer,0,31,0%,19.03
https://www.buyshedsdirect.co.uk/media/wysiwyg/Blog/BuyShedsDirect/shed-potting-bench.jpg,0,31,0%,21.32
https://www.buyshedsdirect.co.uk/blog/post/shed-of-the-year-2015-the-first-episode,0,30,0%,10.83
https://www.buyshedsdirect.co.uk/blog/post/buyshedsdirect-christmas-greenhouse-giveaway,0,30,0%,20.2
https://www.buyshedsdirect.co.uk/blog/post/your-march-garden,0,29,0%,35.9
https://www.buyshedsdirect.co.uk/media/wysiwyg/Blog/BuyShedsDirect/palmako-kira-painted.jpg,0,28,0%,16.64
https://www.buyshedsdirect.co.uk/media/wysiwyg/Blog/BuyShedsDirect/shed-shelving-1.jpg,0,28,0%,18.39
https://www.buyshedsdirect.co.uk/blog/post/quick-guide-managing-allotment-year,0,28,0%,35
https://www.buyshedsdirect.co.uk/blog/post/work-from-home-with-a-wooden-garden-office,0,28,0%,54.43
https://www.buyshedsdirect.co.uk/blog/post/securing-your-shed-this-summer,0,27,0%,66.22
https://www.buyshedsdirect.co.uk/blog/category/sheds?page=8,0,27,0%,82.89
https://www.buyshedsdirect.co.uk/blog/post/what-do-you-get-up-to-in-your-shed,0,26,0%,16.12
https://www.buyshedsdirect.co.uk/blog/category/sheds?page=9,0,26,0%,70.19
https://www.buyshedsdirect.co.uk/blog/post/customer-satisfaction-survey-giveaway,0,25,0%,12.32
https://www.buyshedsdirect.co.uk/blog/post/best-garden-sheds-to-buy,0,25,0%,15.52
https://www.buyshedsdirect.co.uk/blog/post/School-gardening-giveaway,0,25,0%,23.8
https://www.buyshedsdirect.co.uk/blog/category/news-interviews-and-competitions?page=4,0,25,0%,32.2
https://www.buyshedsdirect.co.uk/blog/category/greenhouses,0,23,0%,5.74
https://www.buyshedsdirect.co.uk/blog/post/what-to-look-for-when-buying-a-shed,0,23,0%,39.83
https://www.buyshedsdirect.co.uk/blog/category/sheds?page=11,0,23,0%,112.26
https://www.buyshedsdirect.co.uk/media/wysiwyg/Blog/BuyShedsDirect/planter-screen.jpg,0,22,0%,17
https://www.buyshedsdirect.co.uk/blog/post/how-to-felt-a-shed,0,22,0%,32.18
https://www.buyshedsdirect.co.uk/blog/category/sheds?page=3,0,22,0%,32.27
https://www.buyshedsdirect.co.uk/media/wysiwyg/Blog/BuyShedsDirect/herb-garden.jpg,0,21,0%,16.48
https://www.buyshedsdirect.co.uk/blog/category/shed-advice?page=4,0,20,0%,4.65
https://www.buyshedsdirect.co.uk/blog/category/sheds?page=2,0,20,0%,32.6
https://www.buyshedsdirect.co.uk/blog/post/shed-of-the-year-2016-tv-air-dates,0,19,0%,13.16
https://www.buyshedsdirect.co.uk/media/.renditions/wysiwyg/Blog/BuyShedsDirect/bsd6Idea11OutdoorSeatingWithFirePitForestCurved2Pac.jpg,0,19,0%,15.21
https://www.buyshedsdirect.co.uk/blog/post/flying-the-flag-for-growing-your-own,0,19,0%,18.05
https://www.buyshedsdirect.co.uk/blog/category/log-cabins?page=2,0,19,0%,25.95
https://www.buyshedsdirect.co.uk/blog/category/grow-your-own,0,18,0%,5.28
https://www.buyshedsdirect.co.uk/media/wysiwyg/Blog/BuyShedsDirect/long-narrow-garden.jpg,0,18,0%,17.83
https://www.buyshedsdirect.co.uk/pub/media/wysiwyg/Blog/BuyShedsDirect/garden_office_Chiltern_VCHI34S43P2_6-min.jpg,0,18,0%,18.39
https://www.buyshedsdirect.co.uk/media/wysiwyg/Blog/BuyShedsDirect/shiplap-garden-bar.jpg,0,18,0%,20.28
https://www.buyshedsdirect.co.uk/media/wysiwyg/Blog/BuyShedsDirect/forest-pent-logstore-with-tool-storage-image-6.jpg,0,17,0%,16.71
https://www.buyshedsdirect.co.uk/blog/post/why-gardening-is-good-for-you,0,17,0%,21.88
https://www.buyshedsdirect.co.uk/blog/category/outdoor-living?page=8,0,17,0%,52.59
https://www.buyshedsdirect.co.uk/blog/category/outdoor-living?page=5,0,17,0%,63.53
https://www.buyshedsdirect.co.uk/blog/post/your-november-garden,0,17,0%,92.29
https://www.buyshedsdirect.co.uk/media/wysiwyg/Blog/BuyShedsDirect/palmako-garden-bar.jpg,0,16,0%,20.38
https://www.buyshedsdirect.co.uk/blog/post/shed-of-the-year-2011,0,16,0%,36.31
https://www.buyshedsdirect.co.uk/blog/category/summer-houses?page=2,0,15,0%,8.33
https://www.buyshedsdirect.co.uk/blog/post/shed-of-the-year-2012,0,15,0%,11.2
https://www.buyshedsdirect.co.uk/media/wysiwyg/Blog/BuyShedsDirect/2025/bsd-how-to-build-a-shed-infographic-header.jpg,0,15,0%,15
https://www.buyshedsdirect.co.uk/blog/category/news-interviews-and-competitions,0,15,0%,18.4
https://www.buyshedsdirect.co.uk/media/wysiwyg/Blog/BuyShedsDirect/shed-organisation-image-5.jpg,0,15,0%,19
https://www.buyshedsdirect.co.uk/media/wysiwyg/Blog/BuyShedsDirect/shire-crib-playhouse.jpg,0,14,0%,13.5
https://www.buyshedsdirect.co.uk/blog/category/sheds?page=4,0,14,0%,15.71
https://www.buyshedsdirect.co.uk/media/wysiwyg/Blog/BuyShedsDirect/pegboard.jpg,0,14,0%,20.93
https://www.buyshedsdirect.co.uk/media/wysiwyg/Blog/BuyShedsDirect/forest-dining-pergola.jpg,0,14,0%,21
https://www.buyshedsdirect.co.uk/blog/category/garden-storage?page=3,0,14,0%,49.29
https://www.buyshedsdirect.co.uk/blog/post/forest-york-hexagonal-planter-giveaway,0,14,0%,63.57
https://www.buyshedsdirect.co.uk/blog/post/shed-of-the-year-2013,0,14,0%,68.57
https://www.buyshedsdirect.co.uk/media/wysiwyg/Blog/BuyShedsDirect/slatted-small-fencing.jpg,0,13,0%,19.15
https://www.buyshedsdirect.co.uk/blog/post/british-summer-time-brings-garden-thieves-out-of-hibernation,0,13,0%,19.62
https://www.buyshedsdirect.co.uk/blog/post/why-a-garden-shed-is-perfect-for-the-upcoming-heatwave,0,13,0%,21.08
https://www.buyshedsdirect.co.uk/blog/post/perfect-garden-escape,0,12,0%,25.92
https://www.buyshedsdirect.co.uk/blog/category/garden-storage?page=2,0,11,0%,9.45
https://www.buyshedsdirect.co.uk/media/wysiwyg/Blog/BuyShedsDirect/garageShelvingIdeasAddShelvingUseStackableBins.jpg,0,11,0%,14.73
https://www.buyshedsdirect.co.uk/media/wysiwyg/Blog/BuyShedsDirect/trimetals-green-bike-shed.jpg,0,11,0%,19.09
https://www.buyshedsdirect.co.uk/media/wysiwyg/Blog/BuyShedsDirect/shed-storage.jpg,0,11,0%,19.64
https://www.buyshedsdirect.co.uk/media/wysiwyg/Blog/BuyShedsDirect/10x8-wooden-shed-with-logstore.jpg,0,11,0%,20.27
https://www.buyshedsdirect.co.uk/blog/post/gardening-project,0,11,0%,24
https://www.buyshedsdirect.co.uk/blog/post/2014-competition-winners,0,11,0%,26.82
https://www.buyshedsdirect.co.uk/blog/post/keeping-your-shed-secure,0,11,0%,42.64
https://www.buyshedsdirect.co.uk/blog/post/Corner-Planter-Easter-Giveaway,0,11,0%,55.55
https://www.buyshedsdirect.co.uk/media/wysiwyg/Blog/BuyShedsDirect/concrete-shed-base-image-3.jpg,0,10,0%,15.9
https://www.buyshedsdirect.co.uk/media/wysiwyg/Blog/BuyShedsDirect/slatted-wall-planter.jpg,0,10,0%,17.2
https://www.buyshedsdirect.co.uk/media/wysiwyg/Blog/BuyShedsDirect/decorative-screening.jpg,0,10,0%,19.5
https://www.buyshedsdirect.co.uk/media/wysiwyg/Blog/BuyShedsDirect/deckingInGardenIdeas1BackyardDeckWithFirepitForestCurvedBenchCFPBENCHPK2.jpg,0,10,0%,20.4
https://www.buyshedsdirect.co.uk/blog/post/the-february-garden-guide,0,10,0%,21.2
https://www.buyshedsdirect.co.uk/blog/post/the-december-garden-guide,0,10,0%,51.3
https://www.buyshedsdirect.co.uk/blog/post/how-to-store-bicycles-outside-garage-shed-and-without/,0,9,0%,1
https://www.buyshedsdirect.co.uk/blog/post/top-5-gardening-blogs-to-read-in-2011,0,9,0%,13.11
https://www.buyshedsdirect.co.uk/media/wysiwyg/Blog/BuyShedsDirect/importanceOfficeDesignMelburyVMEL34S43P2.jpg,0,9,0%,18.78
https://www.buyshedsdirect.co.uk/media/wysiwyg/Blog/BuyShedsDirect/bigstock-arbour-clematis-180160588-min.jpg,0,9,0%,20.56
https://www.buyshedsdirect.co.uk/blog/post/the-perfect-christmas-present,0,9,0%,36.78
https://www.buyshedsdirect.co.uk/blog/post/how-to-build-a-shed-base-on-uneven-ground/,0,8,0%,1
https://www.buyshedsdirect.co.uk/media/wysiwyg/Blog/BuyShedsDirect/modseat3hd_modular-seat.jpg,0,8,0%,14.62
https://www.buyshedsdirect.co.uk/media/wysiwyg/Blog/BuyShedsDirect/potting-shed.jpg,0,8,0%,14.75
https://www.buyshedsdirect.co.uk/media/wysiwyg/Blog/BuyShedsDirect/whatRoleMiddlePalmakoAndrea6.4x4slidingdoors.jpg.png,0,8,0%,16.75
https://www.buyshedsdirect.co.uk/media/.renditions/wysiwyg/Blog/BuyShedsDirect/bsd3ConclusionForest_Shelves_and_SWBEN.jpg,0,8,0%,16.88
https://www.buyshedsdirect.co.uk/blog/post/how-to-build-a-shed-base-on-sloped-or-uneven-ground,0,7,0%,1
https://www.buyshedsdirect.co.uk/blog/category/sheds?page=7,0,7,0%,8.86
https://www.buyshedsdirect.co.uk/media/wysiwyg/Blog/BuyShedsDirect/narrow-garden.jpg,0,7,0%,11.14
https://www.buyshedsdirect.co.uk/media/wysiwyg/Blog/BuyShedsDirect/10x8-timberdale-workshop.jpg,0,7,0%,14.14
https://www.buyshedsdirect.co.uk/blog/post/your-january-garden,0,7,0%,14.57
https://www.buyshedsdirect.co.uk/media/wysiwyg/Blog/BuyShedsDirect/green-painted-shed.jpg,0,7,0%,15.14
https://www.buyshedsdirect.co.uk/media/wysiwyg/Blog/BuyShedsDirect/oalgst_forest-apex-overlap-log-store.jpg,0,7,0%,17.29
https://www.buyshedsdirect.co.uk/blog/category/news-interviews-and-competitions?page=2,0,7,0%,18
https://www.buyshedsdirect.co.uk/media/wysiwyg/Blog/BAM/greenhouseShelvingIdeas1and2ForestTallWallPlanter.jpg,0,7,0%,18.14
https://www.buyshedsdirect.co.uk/media/wysiwyg/Blog/BuyShedsDirect/community-garden.jpg,0,7,0%,18.14
https://www.buyshedsdirect.co.uk/media/wysiwyg/Blog/BuyShedsDirect/VSLATTS6.jpg,0,7,0%,18.43
https://www.buyshedsdirect.co.uk/blog/post/your-december-garden,0,7,0%,28.43
https://www.buyshedsdirect.co.uk/media/wysiwyg/Blog/BuyShedsDirect/9personalartworkpalmakolea4.9x4-101728.jpg,0,7,0%,30.29
https://www.buyshedsdirect.co.uk/blog/post/the-june-garden-guide,0,7,0%,37.71
https://www.buyshedsdirect.co.uk/blog/category/garden-storage?page=5,0,7,0%,51.14
https://www.buyshedsdirect.co.uk/blog/post/do-plastic-sheds-need-a-base/,0,6,0%,1.17
https://www.buyshedsdirect.co.uk/media/wysiwyg/Blog/BuyShedsDirect/pallet-bar.jpg,0,6,0%,10.17
https://www.buyshedsdirect.co.uk/blog/category/shed-advice?page=3,0,6,0%,13.17
https://www.buyshedsdirect.co.uk/media/wysiwyg/Blog/BuyShedsDirect/preparing-shed-base-for-gravel.jpeg,0,6,0%,13.17
https://www.buyshedsdirect.co.uk/blog/category/shed-advice?page=2,0,6,0%,15
https://www.buyshedsdirect.co.uk/blog/post/preparing-your-vegetable-plot-for-grow-your-own-bliss,0,6,0%,15
https://www.buyshedsdirect.co.uk/media/wysiwyg/Blog/BuyShedsDirect/garden-room-internal.jpg,0,6,0%,16.17
https://www.buyshedsdirect.co.uk/media/wysiwyg/Blog/BuyShedsDirect/PP-Storage-Tidy-Better-Homes-and-Gardens-1_1.jpg,0,6,0%,18.33
https://www.buyshedsdirect.co.uk/media/wysiwyg/Blog/BuyShedsDirect/toomax-bin-storage.jpg,0,6,0%,18.83
https://www.buyshedsdirect.co.uk/blog/post/get-kids-gardening,0,6,0%,20.33
https://www.buyshedsdirect.co.uk/media/.renditions/wysiwyg/Blog/BuyShedsDirect/bsd24-llgstphd-log-store.jpg,0,6,0%,21.5
https://www.buyshedsdirect.co.uk/media/wysiwyg/Blog/BuyShedsDirect/upk02chd_pergola_with_canopy.jpg,0,6,0%,22.5
https://www.buyshedsdirect.co.uk/blog/post/solar-shed-lights-that-dont-cost-the-earth,0,6,0%,26.17
https://www.buyshedsdirect.co.uk/media/wysiwyg/Blog/BuyShedsDirect/shed-shelving-image-9.jpg,0,6,0%,29
https://www.buyshedsdirect.co.uk/blog/category/outdoor-living?page=3,0,6,0%,29.17
https://www.buyshedsdirect.co.uk/blog/post/7-ways-to-recycle-your-christmas-tree,0,6,0%,43.33
https://www.buyshedsdirect.co.uk/blog/category/outdoor-living?page=4,0,6,0%,47.5
https://www.buyshedsdirect.co.uk/blog/post/do-plastic-sheds-need-a-base,0,5,0%,1
https://www.buyshedsdirect.co.uk/blog/post/garden-fence-law-fence-height-regulations/,0,5,0%,1
https://www.buyshedsdirect.co.uk/blog/post/an-interview-with-stanmer-community-gardening-group,0,5,0%,7.6
https://www.buyshedsdirect.co.uk/blog/post/7-ways-to-get-your-kids-gardening-this-summer,0,5,0%,14.6
https://www.buyshedsdirect.co.uk/media/wysiwyg/Blog/BuyShedsDirect/forest-slatted-tall-wall-planter.jpeg,0,5,0%,15.4
https://www.buyshedsdirect.co.uk/pub/media/wysiwyg/Blog/BuyShedsDirect/garden_office_old_forest_06-min.jpg,0,5,0%,16.2
https://www.buyshedsdirect.co.uk/media/wysiwyg/Blog/BuyShedsDirect/ltsp_log-and-tool-store.jpeg,0,5,0%,19.2
https://www.buyshedsdirect.co.uk/media/wysiwyg/Blog/BuyShedsDirect/garden-zones.jpg,0,5,0%,21.2
https://www.buyshedsdirect.co.uk/media/.renditions/wysiwyg/Blog/BuyShedsDirect/bsd24-lgmlstk-log-store-with-tool-store.jpg,0,5,0%,21.8
https://www.buyshedsdirect.co.uk/media/wysiwyg/Blog/BuyShedsDirect/blue-potting-shed.jpg,0,5,0%,22.4
https://www.buyshedsdirect.co.uk/blog/category/garden-offices?page=2,0,5,0%,23.4
https://www.buyshedsdirect.co.uk/blog/category/outdoor-living?page=12,0,5,0%,26.4
https://www.buyshedsdirect.co.uk/blog/post/mothers-day-giveaway,0,5,0%,85.4
https://www.buyshedsdirect.co.uk/blog/post/care-and-maintenance-of-pressure-treated-wood/,0,4,0%,1
https://www.buyshedsdirect.co.uk/blog/post/how-to-guide-insulating-a-shed-tips/,0,4,0%,1
https://www.buyshedsdirect.co.uk/blog/post/summer-al-fresco-dinning,0,4,0%,5.75
https://www.buyshedsdirect.co.uk/blog/category/news-interviews-and-competitions?page=5,0,4,0%,6.25
https://www.buyshedsdirect.co.uk/blog/category/sheds?page=5,0,4,0%,7.25
https://www.buyshedsdirect.co.uk/blog/post/looking-after-your-garden-in-a-heatwave-take-care-it-s-hot-out-there,0,4,0%,8
https://www.buyshedsdirect.co.uk/media/wysiwyg/Blog/BuyShedsDirect/shire-command-playhouse-painted.jpg,0,4,0%,11.5
https://www.buyshedsdirect.co.uk/media/wysiwyg/Blog/BuyShedsDirect/10FenceIdeas9WoodenFenceForestEssential.jpg,0,4,0%,13.25
https://www.buyshedsdirect.co.uk/media/wysiwyg/Blog/BuyShedsDirect/tall-picket-fencing.jpg,0,4,0%,13.5
https://www.buyshedsdirect.co.uk/blog/category/summer-houses?page=3,0,4,0%,15.25
https://www.buyshedsdirect.co.uk/media/wysiwyg/Blog/BuyShedsDirect/10x8-timberdale-workshop_1.jpg,0,4,0%,16.25
https://www.buyshedsdirect.co.uk/media/wysiwyg/Blog/BuyShedsDirect/forestEssentialPanel.jpg,0,4,0%,17.25
https://www.buyshedsdirect.co.uk/media/wysiwyg/Blog/BuyShedsDirect/timberdale-10x8-double-door-with-logstore.jpg,0,4,0%,17.75
https://www.buyshedsdirect.co.uk/media/wysiwyg/Blog/BuyShedsDirect/greenhouseshelf.jpg,0,4,0%,18
https://www.buyshedsdirect.co.uk/media/wysiwyg/Blog/BuyShedsDirect/solartech-lighting-kit-6.jpg,0,4,0%,18
https://www.buyshedsdirect.co.uk/media/wysiwyg/Blog/BuyShedsDirect/Probase_600x400-min.jpg,0,4,0%,19.75
https://www.buyshedsdirect.co.uk/media/wysiwyg/Blog/BuyShedsDirect/colourful-bar.jpg,0,4,0%,20.25
https://www.buyshedsdirect.co.uk/media/wysiwyg/Blog/BuyShedsDirect/grouping-plants.jpg,0,4,0%,20.25
https://www.buyshedsdirect.co.uk/media/wysiwyg/Blog/BuyShedsDirect/keter-bevy-bar.jpg,0,4,0%,20.25
https://www.buyshedsdirect.co.uk/media/wysiwyg/Blog/BuyShedsDirect/SPA812DD6WM-cover-image.jpg,0,4,0%,22.5
https://www.buyshedsdirect.co.uk/media/wysiwyg/Blog/BuyShedsDirect/forest-apex-overlap-logstore-image-2.jpg,0,4,0%,22.75
https://www.buyshedsdirect.co.uk/media/wysiwyg/Blog/BuyShedsDirect/raised-bed.jpg,0,4,0%,25.25
https://www.buyshedsdirect.co.uk/media/wysiwyg/Blog/BuyShedsDirect/PP-Storage-Peg-Board-9-Pinterest-Gardenista-1_1.jpg,0,4,0%,26
https://www.buyshedsdirect.co.uk/blog/post/7-decorating-ideas-front-garden,0,4,0%,37.75
https://www.buyshedsdirect.co.uk/media/wysiwyg/Blog/BuyShedsDirect/XTEND2-5-1.jpg,0,4,0%,39.5
https://www.buyshedsdirect.co.uk/blog/tag/phil-mccann,0,4,0%,42.75
https://www.buyshedsdirect.co.uk/blog/category/greenhouses?page=5,0,4,0%,44.5
https://www.buyshedsdirect.co.uk/blog/category/garden-storage?page=4,0,4,0%,49.25
https://www.buyshedsdirect.co.uk/blog/post/the-november-garden-guide,0,4,0%,54
https://www.buyshedsdirect.co.uk/blog/category/summer-houses?page=4,0,4,0%,56.25
https://www.buyshedsdirect.co.uk/blog/post/winter-forest-grow-bag-planter-givaway,0,4,0%,64.75
https://www.buyshedsdirect.co.uk/blog/post/can-you-put-a-shed-on-gravel/,0,3,0%,1
https://www.buyshedsdirect.co.uk/blog/post/garden-trellis-guide-6-best-climbing-plants-for-trellis/,0,3,0%,1
https://www.buyshedsdirect.co.uk/blog/post/summer-house-ideas-on-a-budget-affordable-garden-getaway/,0,3,0%,1
https://www.buyshedsdirect.co.uk/blog/category/outdoor-living?page=13,0,3,0%,5
https://www.buyshedsdirect.co.uk/blog/post/outdoor-living-in-the-night-garden,0,3,0%,9.33
https://www.buyshedsdirect.co.uk/media/wysiwyg/Blog/BuyShedsDirect/solar-lghts-image.jpg,0,3,0%,13.33
https://www.buyshedsdirect.co.uk/media/wysiwyg/Blog/BuyShedsDirect/asgard-premium-storage.jpg,0,3,0%,13.67
https://www.buyshedsdirect.co.uk/media/wysiwyg/Blog/shedstore/wooden-shed-base.jpeg,0,3,0%,13.67
https://www.buyshedsdirect.co.uk/blog/category/sheds?page=14,0,3,0%,14.67
https://www.buyshedsdirect.co.uk/media/wysiwyg/Blog/BuyShedsDirect/generalGarageStorageDesignAddGarageCabinetsSaffron510TallVerticalCabinet.jpg,0,3,0%,15
https://www.buyshedsdirect.co.uk/media/wysiwyg/Blog/BuyShedsDirect/LLGSTPHD-large-pent-log-store.jpg,0,3,0%,15.33
https://www.buyshedsdirect.co.uk/media/wysiwyg/Blog/BuyShedsDirect/slatwallplant2_forest-slatted-trellis-planter.jpg,0,3,0%,17.67
https://www.buyshedsdirect.co.uk/media/wysiwyg/Blog/BuyShedsDirect/plastic-shed-base-image-4.jpg,0,3,0%,19
https://www.buyshedsdirect.co.uk/media/wysiwyg/Blog/BuyShedsDirect/tpa810ddmls-10x8-timberdale-shed-with-log-store.jpg,0,3,0%,19
https://www.buyshedsdirect.co.uk/media/wysiwyg/Blog/BuyShedsDirect/forest-timberdale-shed-image-9.jpg,0,3,0%,20
https://www.buyshedsdirect.co.uk/media/wysiwyg/Blog/BuyShedsDirect/shed-roof.jpg,0,3,0%,20.33
https://www.buyshedsdirect.co.uk/media/wysiwyg/Blog/BuyShedsDirect/shed-base-image-with-gravel_1.jpg,0,3,0%,21
https://www.buyshedsdirect.co.uk/media/.renditions/wysiwyg/Blog/BuyShedsDirect/2025/Santa_grotto_2.jpeg,0,3,0%,21.67
https://www.buyshedsdirect.co.uk/media/wysiwyg/Blog/BuyShedsDirect/venplv2_venice-planter-insitu1-min.jpg,0,3,0%,22
https://www.buyshedsdirect.co.uk/media/wysiwyg/Blog/BuyShedsDirect/picket-fencing.jpg,0,3,0%,23.67
https://www.buyshedsdirect.co.uk/media/wysiwyg/Blog/BuyShedsDirect/solartech-lighting-kit-2.jpg,0,3,0%,25.67
https://www.buyshedsdirect.co.uk/media/wysiwyg/Blog/BuyShedsDirect/shire-playhut.jpg,0,3,0%,26.33
https://www.buyshedsdirect.co.uk/blog/post/making-the-most-of-your-garden-in-summer,0,3,0%,29.33
https://www.buyshedsdirect.co.uk/blog/category/news-interviews-and-competitions?page=6,0,3,0%,30.67
https://www.buyshedsdirect.co.uk/media/wysiwyg/Blog/BuyShedsDirect/livscrplant_1.jpg,0,3,0%,37.33
https://www.buyshedsdirect.co.uk/blog/post/can-you-put-a-shed-on-gravel,0,2,0%,1
https://www.buyshedsdirect.co.uk/blog/post/do-sheds-need-a-base,0,2,0%,1
https://www.buyshedsdirect.co.uk/blog/post/fence-covering-ideas-how-to-cover-an-unsightly-fence/,0,2,0%,1
https://www.buyshedsdirect.co.uk/blog/post/how-to-apply-for-planning-permission,0,2,0%,1
https://www.buyshedsdirect.co.uk/blog/post/how-to-waterproof-and-waterproof-a-shed,0,2,0%,1
https://www.buyshedsdirect.co.uk/blog/post/ideas-for-a-long-narrow-garden-design/,0,2,0%,1
https://www.buyshedsdirect.co.uk/blog/post/the-october-garden-guide,0,2,0%,1.5
https://www.buyshedsdirect.co.uk/media/wysiwyg/Blog/BuyShedsDirect/14RaisedBedIdeas2BenchEdgeForest5x5cornlinpl160b.jpg,0,2,0%,4
https://www.buyshedsdirect.co.uk/media/wysiwyg/Blog/BuyShedsDirect/84900_canvas_gazebo.jpg,0,2,0%,7.5
https://www.buyshedsdirect.co.uk/blog/category/shed-advice?page=5,0,2,0%,8
https://www.buyshedsdirect.co.uk/media/wysiwyg/Blog/BuyShedsDirect/forest-bike-shed.jpg,0,2,0%,8.5
https://www.buyshedsdirect.co.uk/media/wysiwyg/Blog/BuyShedsDirect/12ExcitingGarageConversionIdeas9GardenOffice1.jpg,0,2,0%,9.5
https://www.buyshedsdirect.co.uk/media/wysiwyg/Blog/BuyShedsDirect/trellis-2.jpg,0,2,0%,10
https://www.buyshedsdirect.co.uk/media/wysiwyg/Blog/BuyShedsDirect/garageDesignDesignAndLayout101159PalmakoAndre5.5mX4.5m2.jpg,0,2,0%,11.5
https://www.buyshedsdirect.co.uk/media/wysiwyg/Blog/BuyShedsDirect/palmako-stella-bar.jpg,0,2,0%,11.5
https://www.buyshedsdirect.co.uk/media/wysiwyg/Blog/BuyShedsDirect/plastic-shed-base_3.jpg,0,2,0%,13
https://www.buyshedsdirect.co.uk/media/wysiwyg/Blog/BuyShedsDirect/2_x_1_Palram_Canopia_Leaves_Greenhouse_Shelves_-_2_Pack_0.65m_x_0.26m_.JPG,0,2,0%,14
https://www.buyshedsdirect.co.uk/media/wysiwyg/Blog/BuyShedsDirect/forest-timberdale-10x8-shed.jpg,0,2,0%,14
https://www.buyshedsdirect.co.uk/media/wysiwyg/Blog/BuyShedsDirect/garageDesignDesignAndLayout101159PalmakoAndre5.5mX4.5m1.jpg,0,2,0%,14
https://www.buyshedsdirect.co.uk/media/wysiwyg/Blog/BuyShedsDirect/marl1010l28-1aa_marlborough-summer-house.jpg,0,2,0%,14.5
https://www.buyshedsdirect.co.uk/media/.renditions/wysiwyg/Blog/BuyShedsDirect/bsd2OptionsShedMaterialsCompositeShedsMercia7x7Composite.jpg,0,2,0%,15.5
https://www.buyshedsdirect.co.uk/media/wysiwyg/Blog/BuyShedsDirect/2builtinstoragextend4.0.jpg,0,2,0%,16
https://www.buyshedsdirect.co.uk/media/wysiwyg/Blog/BuyShedsDirect/beckwood-lean-to-shed.jpg,0,2,0%,16
https://www.buyshedsdirect.co.uk/media/wysiwyg/Blog/BuyShedsDirect/diyGarageStorageIdeasHangItemsUsingSlatwallPegboard.jpg,0,2,0%,16.5
https://www.buyshedsdirect.co.uk/media/wysiwyg/Blog/BuyShedsDirect/gardenBar2BarStoolsForest6x4BarSPA46GBAR.jpg,0,2,0%,16.5
https://www.buyshedsdirect.co.uk/media/wysiwyg/Blog/BuyShedsDirect/garden-levels.jpg,0,2,0%,17
https://www.buyshedsdirect.co.uk/media/wysiwyg/Blog/BuyShedsDirect/gardenIdeasForPatios3ForestYorkHexagonalPlanterSetOf3.jpg,0,2,0%,17
https://www.buyshedsdirect.co.uk/media/wysiwyg/Blog/BuyShedsDirect/collective-garening.jpg,0,2,0%,18.5
https://www.buyshedsdirect.co.uk/media/wysiwyg/Blog/BuyShedsDirect/wooden-bin-store.jpg,0,2,0%,18.5
https://www.buyshedsdirect.co.uk/pub/media/wysiwyg/Blog/BuyShedsDirect/garden_office_old_forest_06-min_1.jpg,0,2,0%,19
https://www.buyshedsdirect.co.uk/media/wysiwyg/Blog/fencing/Forest-6x5_6-Vertical-Closeboard-Fence-Panel-min.jpg,0,2,0%,19.5
https://www.buyshedsdirect.co.uk/media/wysiwyg/Blog/BuyShedsDirect/firenzeca_garden-arbour_1.jpg,0,2,0%,20
https://www.buyshedsdirect.co.uk/media/wysiwyg/Blog/BuyShedsDirect/yardmaster-metal-shed.jpg,0,2,0%,20
https://www.buyshedsdirect.co.uk/media/wysiwyg/Blog/BuyShedsDirect/6gazebo706835austin.jpg,0,2,0%,20.5
https://www.buyshedsdirect.co.uk/media/wysiwyg/Blog/BuyShedsDirect/palram-plastic-shed_1.jpg,0,2,0%,20.5
https://www.buyshedsdirect.co.uk/media/wysiwyg/Blog/BuyShedsDirect/whatRole4PalmakoAnnabel5x3.918mm.jpg,0,2,0%,20.5
https://www.buyshedsdirect.co.uk/media/wysiwyg/Blog/garden_features/Forest_Sorrento_Corner_Arbour_SCA-min.jpg,0,2,0%,20.5
https://www.buyshedsdirect.co.uk/media/wysiwyg/Blog/BuyShedsDirect/14RaisedBedIdeas10Sleepers3ForestSleeperBench180cm.jpg,0,2,0%,21.5
https://www.buyshedsdirect.co.uk/media/wysiwyg/Blog/BuyShedsDirect/pergola-corner-braces.jpg,0,2,0%,23.5
https://www.buyshedsdirect.co.uk/media/wysiwyg/Blog/BuyShedsDirect/single-slatted-panel.jpg,0,2,0%,23.5
https://www.buyshedsdirect.co.uk/media/wysiwyg/Blog/BuyShedsDirect/overlap-pent-large-outdoor-bike-store.jpg,0,2,0%,24
https://www.buyshedsdirect.co.uk/blog/post/the-january-garden-guide,0,2,0%,25
https://www.buyshedsdirect.co.uk/media/wysiwyg/Blog/BuyShedsDirect/15canopyIdeas12PergolaWithCanopyForestUltima12x12.jpg,0,2,0%,26
https://www.buyshedsdirect.co.uk/media/wysiwyg/Blog/BuyShedsDirect/garden-bins_1.jpg,0,2,0%,26
https://www.buyshedsdirect.co.uk/media/wysiwyg/Blog/BuyShedsDirect/diyGarageStorageIdeasBuildSmallWorkstation.jpg,0,2,0%,26.5
https://www.buyshedsdirect.co.uk/blog/category/log-cabins?page=4,0,2,0%,27.5
https://www.buyshedsdirect.co.uk/media/wysiwyg/Blog/BuyShedsDirect/modular-seating.jpg,0,2,0%,27.5
https://www.buyshedsdirect.co.uk/media/wysiwyg/Blog/BuyShedsDirect/living-wall-garden-planter.jpeg,0,2,0%,28
https://www.buyshedsdirect.co.uk/media/wysiwyg/Blog/BuyShedsDirect/raised-beds.jpg,0,2,0%,28
https://www.buyshedsdirect.co.uk/media/wysiwyg/Blog/BuyShedsDirect/shed-wall-insulation.jpg,0,2,0%,28.5
https://www.buyshedsdirect.co.uk/media/wysiwyg/Blog/BuyShedsDirect/single-slatted.jpg,0,2,0%,28.5
https://www.buyshedsdirect.co.uk/media/wysiwyg/Blog/BuyShedsDirect/14RaisedBedIdeas10Sleepers2Forest4ftSleeper.jpg,0,2,0%,39
https://www.buyshedsdirect.co.uk/media/wysiwyg/Blog/BuyShedsDirect/10statementlightingforestelmley.jpg,0,2,0%,42
https://www.buyshedsdirect.co.uk/blog/category/outdoor-living?page=10,0,2,0%,45.5
https://www.buyshedsdirect.co.uk/blog/post/the-july-garden-guide,0,2,0%,47
https://www.buyshedsdirect.co.uk/blog/category/outdoor-living?page=11,0,2,0%,52.5
https://www.buyshedsdirect.co.uk/blog/post/thirlmere-set-three-planters-spring-giveaway,0,2,0%,55
https://www.buyshedsdirect.co.uk/blog/category/sheds?page=13,0,2,0%,79
https://www.buyshedsdirect.co.uk/blog/cheap-vs-best-garden-storage,0,1,0%,1
https://www.buyshedsdirect.co.uk/blog/how-to-build-a-shed-base,0,1,0%,1
https://www.buyshedsdirect.co.uk/blog/how-to-lay-slab-base-for-sheds,0,1,0%,1
https://www.buyshedsdirect.co.uk/blog/post/advantages-of-metal-sheds-vs-wooden-sheds/,0,1,0%,1
https://www.buyshedsdirect.co.uk/blog/post/advice-on-choosing-a-shed,0,1,0%,1
https://www.buyshedsdirect.co.uk/blog/post/best-outdoor-bar-ideas-and-areas,0,1,0%,1
https://www.buyshedsdirect.co.uk/blog/post/can-you-put-a-shed-on-a-gravel-base,0,1,0%,1
https://www.buyshedsdirect.co.uk/blog/post/cheap-ideas-and-the-best-value-plastic-sheds,0,1,0%,1
https://www.buyshedsdirect.co.uk/blog/post/climbing-plants-for-arbours/,0,1,0%,1
https://www.buyshedsdirect.co.uk/blog/post/constructing-a-shed-how-how-long-does-it-take-to-put-up,0,1,0%,1
https://www.buyshedsdirect.co.uk/blog/post/garden-fence-law-fence-height-regulations),0,1,0%,1
https://www.buyshedsdirect.co.uk/blog/post/garden-fence-preservation-treating-wooden-fence-panels,0,1,0%,1
https://www.buyshedsdirect.co.uk/blog/post/garden-trellis-guide-6-best-climbers-for-trellis,0,1,0%,1
https://www.buyshedsdirect.co.uk/blog/post/guide-to-building-a-shed-base,0,1,0%,1
https://www.buyshedsdirect.co.uk/blog/post/harnessing-solar-power-with-solar-panels-for-sheds/,0,1,0%,1
https://www.buyshedsdirect.co.uk/blog/post/how-long-do-wooden-sheds-last-maintenance-and-repairs/,0,1,0%,1
https://www.buyshedsdirect.co.uk/blog/post/how-long-does-it-take-to-put-up,0,1,0%,1
https://www.buyshedsdirect.co.uk/blog/post/how-to-beef-up-garden-shed-security/,0,1,0%,1
https://www.buyshedsdirect.co.uk/blog/post/how-to-build-shed-base-on-sloped-or-uneven-ground-updated/,0,1,0%,1
https://www.buyshedsdirect.co.uk/blog/post/how-to-dismantle-a-shed/,0,1,0%,1
https://www.buyshedsdirect.co.uk/blog/post/how-to-hide-wheelie-bins-ideas,0,1,0%,1
https://www.buyshedsdirect.co.uk/blog/post/how-to-insulate-a-shed-guide-tips,0,1,0%,1
"https://www.buyshedsdirect.co.uk/blog/post/how-to-store-bicycles-outside-garage-shed-and-without""",0,1,0%,1
https://www.buyshedsdirect.co.uk/blog/post/installing-windows-in-a-shed-guide-replacement-advice/,0,1,0%,1
https://www.buyshedsdirect.co.uk/blog/post/no-fuss-gardens-no-mow-lawn-alternatives-for-2023/,0,1,0%,1
https://www.buyshedsdirect.co.uk/blog/post/outdoor-log-store-ideas-storage-tips/,0,1,0%,1
https://www.buyshedsdirect.co.uk/blog/post/overlap-or-tongue-and-groove,0,1,0%,1
https://www.buyshedsdirect.co.uk/blog/post/plastic-sheds-vs-wooden-sheds/,0,1,0%,1
https://www.buyshedsdirect.co.uk/blog/post/plastic-vs-wooden-sheds,0,1,0%,1
https://www.buyshedsdirect.co.uk/blog/post/playhouse-planning-permission/,0,1,0%,1
https://www.buyshedsdirect.co.uk/blog/post/running-power-adding-electricity-to-a-shed/,0,1,0%,1
https://www.buyshedsdirect.co.uk/blog/post/what-is-tongue-and-groove-cladding/,0,1,0%,1
https://www.buyshedsdirect.co.uk/blog/resin-vs-vinyl-vs-plastic-shed-materials-what-is-the-difference,0,1,0%,1
https://www.buyshedsdirect.co.uk/media/wysiwyg/Blog/BuyShedsDirect/2024/AdobeStock_981245504_resized.jpg,0,1,0%,1
https://www.buyshedsdirect.co.uk/media/wysiwyg/Blog/BuyShedsDirect/saffron-storage-shed_1.jpg,0,1,0%,1
https://www.buyshedsdirect.co.uk/media/wysiwyg/Blog/log_cabins/log-cabin-window-insulation-shutterstock_398719513-min.jpg,0,1,0%,1
https://www.buyshedsdirect.co.uk/random/buyshedsdirect/blog/post/no-fuss-gardens-no-mow-lawn-alternatives-for-2023,0,1,0%,1
https://www.buyshedsdirect.co.uk/blog/garden-room-insulation-guide,0,1,0%,2
https://www.buyshedsdirect.co.uk/blog/post/how-to-make-a-wheelie-bin-store,0,1,0%,2
https://www.buyshedsdirect.co.uk/media/.renditions/wysiwyg/Blog/BuyFencingDirect/ddl16_trellis-fence-topper.jpg,0,1,0%,2
https://www.buyshedsdirect.co.uk/media/wysiwyg/Blog/BuyShedsDirect/storage-shelf-hack-image.jpg,0,1,0%,2
https://www.buyshedsdirect.co.uk/media/wysiwyg/Blog/BuyShedsDirect/4lp862wm_8x6-wooden-pent-shed.jpg,0,1,0%,3
https://www.buyshedsdirect.co.uk/media/wysiwyg/Blog/BuyShedsDirect/slatted-wall-planter_1.jpg,0,1,0%,3
https://www.buyshedsdirect.co.uk/media/wysiwyg/Blog/shedstore/Shed-Plans-page-2.jpg,0,1,0%,3
https://www.buyshedsdirect.co.uk/media/.renditions/wysiwyg/Blog/BuyFencingDirect/whatMakesBestGardenFurniture1ComfortPracticalityForestKubaChair.jpg,0,1,0%,4
https://www.buyshedsdirect.co.uk/media/.renditions/wysiwyg/Blog/BuyShedsDirect/bsd4-egsphd-conclusion.jpg,0,1,0%,4
https://www.buyshedsdirect.co.uk/media/wysiwyg/Blog/BuyShedsDirect/bsd4CoverImage.jpg,0,1,0%,4
https://www.buyshedsdirect.co.uk/media/wysiwyg/Blog/BuyShedsDirect/fence-topper.jpg,0,1,0%,4
https://www.buyshedsdirect.co.uk/media/wysiwyg/Blog/BuyShedsDirect/forest-potting-shed-internal.jpg,0,1,0%,4
https://www.buyshedsdirect.co.uk/media/wysiwyg/Blog/BuyShedsDirect/gin-bar-close-up.jpg,0,1,0%,4
https://www.buyshedsdirect.co.uk/media/wysiwyg/Blog/log_cabins/Palmako-Lea-5.4m-x-3.9m-Log-Cabin-Garden-Office-min.jpg,0,1,0%,4
https://www.buyshedsdirect.co.uk/blog/category/greenhouses?page=3,0,1,0%,5
https://www.buyshedsdirect.co.uk/blog/category/outdoor-living?page=7,0,1,0%,5
https://www.buyshedsdirect.co.uk/blog/post/garden-seating-ideas-areas-to-inspire-your-garden-design/,0,1,0%,5
https://www.buyshedsdirect.co.uk/media/wysiwyg/Blog/BuyShedsDirect/Art-Studio-5-1024x683_1.jpg,0,1,0%,5
https://www.buyshedsdirect.co.uk/media/wysiwyg/Blog/BuyShedsDirect/fitnessManCaveUseVerticalStorageSaffronTallVerticalCabinet.png,0,1,0%,5
https://www.buyshedsdirect.co.uk/media/wysiwyg/Blog/BuyShedsDirect/lgstp_forest-small-pent-log-store.jpg,0,1,0%,5
https://www.buyshedsdirect.co.uk/media/wysiwyg/Blog/BuyShedsDirect/palmako-andrea-image-9.jpg,0,1,0%,5
https://www.buyshedsdirect.co.uk/media/wysiwyg/Blog/BuyShedsDirect/7minimalistlayoutforestmendip.jpg,0,1,0%,6
https://www.buyshedsdirect.co.uk/media/wysiwyg/Blog/BuyShedsDirect/shire-pixie-playhouse.jpg,0,1,0%,6
https://www.buyshedsdirect.co.uk/media/wysiwyg/Blog/BuyShedsDirect/tipsForRaisedBeds19MixMaterials.jpg,0,1,0%,6
https://www.buyshedsdirect.co.uk/media/blog/cache/300x200/magefan_blog/6x4-wooden-shed-cover-image.jpg,0,1,0%,7
https://www.buyshedsdirect.co.uk/media/wysiwyg/Blog/BuyShedsDirect/101728_palmako-lea-log-cabin.jpg,0,1,0%,7
https://www.buyshedsdirect.co.uk/media/wysiwyg/Blog/BuyShedsDirect/5634-16369840-BF4D-38B6-5EBB1F06EBA8DC8A-1-1024x773_1.jpg,0,1,0%,7
https://www.buyshedsdirect.co.uk/media/wysiwyg/Blog/BuyShedsDirect/solartech-solar-lighting-kit-image-17.jpg,0,1,0%,7
https://www.buyshedsdirect.co.uk/media/wysiwyg/Blog/BuyShedsDirect/01_701633_palram-canopia-6x10-mythos-greenhouse.jpeg,0,1,0%,8
https://www.buyshedsdirect.co.uk/media/wysiwyg/Blog/BuyShedsDirect/palmako-lea-log-cabin-image-21.jpg,0,1,0%,9
https://www.buyshedsdirect.co.uk/blog/?page=6&utm_campaign%5B0%5D=Welcome_Email_BSD&utm_campaign%5B1%5D=df4526fe85-Welcome_email_BSD&utm_medium%5B0%5D=email&utm_medium%5B1%5D=email&utm_source%5B0%5D=mailchimp&utm_source%5B1%5D=BSD&utm_term=0_72ef01225f-df4526fe85-44108901,0,1,0%,10
https://www.buyshedsdirect.co.uk/media/wysiwyg/Blog/BuyShedsDirect/otherBoundaryIdeasForestLivingWallPlanterLIVSCRPLANT.jpg,0,1,0%,10
https://www.buyshedsdirect.co.uk/media/wysiwyg/Blog/BuyShedsDirect/solar-lighting.jpg,0,1,0%,10
https://www.buyshedsdirect.co.uk/media/wysiwyg/Blog/fencing/6x6_FT66_2_Heavy_Duty_Square_Garden_Trellis_Fence_Panel_600x400-min.jpg,0,1,0%,10
https://www.buyshedsdirect.co.uk/media/wysiwyg/Blog/fencing/end_fence-spirit-level-shutterstock_435809344-min.jpg,0,1,0%,10
https://www.buyshedsdirect.co.uk/media/wysiwyg/Blog/BuyShedsDirect/dtp18.jpg,0,1,0%,11
https://www.buyshedsdirect.co.uk/media/wysiwyg/Blog/BuyShedsDirect/osb-shed-roof.JPG,0,1,0%,11
https://www.buyshedsdirect.co.uk/media/wysiwyg/Blog/BuyShedsDirect/shiplap-cladding-usp.jpg,0,1,0%,11
https://www.buyshedsdirect.co.uk/media/wysiwyg/Blog/BuyShedsDirect/tipsForRaisedBeds17ExtraHeightForestLargeKitchenPlanter.jpg,0,1,0%,11
https://www.buyshedsdirect.co.uk/media/wysiwyg/Blog/BuyShedsDirect/wrgh_victorian-walkaround-greenhouse.jpeg,0,1,0%,11
https://www.buyshedsdirect.co.uk/media/wysiwyg/Blog/greenhouses/GEORGEWGH-_Forest-Georgian-Greenhouse-Insitu4-min.jpg,0,1,0%,11
https://www.buyshedsdirect.co.uk/blog/category/garden-offices?page=3,0,1,0%,12
https://www.buyshedsdirect.co.uk/media/wysiwyg/Blog/BuyShedsDirect/12ExcitingGarageConversionIdeas10LaundryUtilityRoomSaffron5ft10TallVerticalCabinet.png,0,1,0%,12
https://www.buyshedsdirect.co.uk/media/wysiwyg/Blog/BuyShedsDirect/2awning705483-7x15-palram-sierra.jpg,0,1,0%,12
https://www.buyshedsdirect.co.uk/media/wysiwyg/Blog/BuyShedsDirect/LWLGST_forest-log-store.jpeg,0,1,0%,12
https://www.buyshedsdirect.co.uk/media/wysiwyg/Blog/BuyShedsDirect/whyDoFencePostsFailSoilShiftsFrostHeave.jpg,0,1,0%,12
https://www.buyshedsdirect.co.uk/media/wysiwyg/Blog/BuyShedsDirect/15canopyIdeas9Gazebos10x10PalramLedro3000.jpg,0,1,0%,13
https://www.buyshedsdirect.co.uk/media/wysiwyg/Blog/BuyShedsDirect/706963_10x12-pc-balance-insitu-greenhouse.jpeg,0,1,0%,13
https://www.buyshedsdirect.co.uk/media/wysiwyg/Blog/BuyShedsDirect/garden-room-image-13.jpg,0,1,0%,13
https://www.buyshedsdirect.co.uk/media/wysiwyg/Blog/BuyShedsDirect/organic-fertilizer-image-4.jpg,0,1,0%,13
https://www.buyshedsdirect.co.uk/media/wysiwyg/Blog/BuyShedsDirect/14RaisedBedIdeas2BenchEdgeForest5x5cornlinpl160a.jpg,0,1,0%,14
https://www.buyshedsdirect.co.uk/media/wysiwyg/Blog/BuyShedsDirect/eppi1210l28-1aa_epping-log-cabin.jpg,0,1,0%,14
https://www.buyshedsdirect.co.uk/media/wysiwyg/Blog/BuyShedsDirect/kgpla18hd_large-kitchen-garden-planter-1-8m.jpg,0,1,0%,14
https://www.buyshedsdirect.co.uk/blog/category/news-interviews-and-competitions?page=8,0,1,0%,15
https://www.buyshedsdirect.co.uk/media/wysiwyg/Blog/BuyShedsDirect/15canopyIdeas6ClimbingPlantsCanopyH.jpg,0,1,0%,15
https://www.buyshedsdirect.co.uk/media/wysiwyg/Blog/BuyShedsDirect/creative-fencing-vertical-garden-1.jpeg,0,1,0%,15
https://www.buyshedsdirect.co.uk/media/wysiwyg/Blog/summerhouses/10x6-Forest-Oakley-Double-Door-Pent-Summer-House-min.jpg,0,1,0%,15
https://www.buyshedsdirect.co.uk/media/.renditions/wysiwyg/Blog/BuyShedsDirect/bsd12TrellisToHideShedForestPaintedDiamondLattice.jpg,0,1,0%,16
https://www.buyshedsdirect.co.uk/media/wysiwyg/Blog/BuyShedsDirect/forest-vertical-slatted-screen.jpg,0,1,0%,16
https://www.buyshedsdirect.co.uk/media/wysiwyg/Blog/BuyShedsDirect/garden-waste-bags-2.jpg,0,1,0%,16
https://www.buyshedsdirect.co.uk/media/wysiwyg/Blog/BuyShedsDirect/hanging-tools.jpg,0,1,0%,16
https://www.buyshedsdirect.co.uk/media/wysiwyg/Blog/BuyShedsDirect/shed-shelving.jpg,0,1,0%,16
https://www.buyshedsdirect.co.uk/media/wysiwyg/Blog/BuyShedsDirect/workCreativeSpaceSolidWorkbenchForestShedGarageWorkbenchSWBEN.jpg,0,1,0%,16
https://www.buyshedsdirect.co.uk/media/wysiwyg/Blog/BuyShedsDirect/4la46nwm_6x4-forest-windowless-apex-shed.jpg,0,1,0%,17
https://www.buyshedsdirect.co.uk/media/wysiwyg/Blog/BuyShedsDirect/felt-shed-roof.jpg,0,1,0%,17
https://www.buyshedsdirect.co.uk/media/wysiwyg/Blog/BuyShedsDirect/xtend-3.0-image-5.jpg,0,1,0%,17
https://www.buyshedsdirect.co.uk/media/wysiwyg/Blog/fencing/6x6_FT66_Heavy_Duty_Square_Garden_Trellis_Fence_Panel-min.jpg,0,1,0%,17
https://www.buyshedsdirect.co.uk/media/wysiwyg/Blog/BAM/otherLightingIdeasToConsider3Festoon.jpg,0,1,0%,18
https://www.buyshedsdirect.co.uk/media/wysiwyg/Blog/BuyShedsDirect/7x7-suncast-modernist-plastic-garden-shed.jpg,0,1,0%,18
https://www.buyshedsdirect.co.uk/media/wysiwyg/Blog/BuyShedsDirect/SLATWALLPLANT2_1.jpg,0,1,0%,18
https://www.buyshedsdirect.co.uk/media/wysiwyg/Blog/BuyShedsDirect/gardenIdeasForPatios7FirepitForestCurvedBench2Pack.jpg,0,1,0%,18
https://www.buyshedsdirect.co.uk/media/wysiwyg/Blog/BuyShedsDirect/whatIsAGarageContactUsPalmakoRoger3.6m5.5msinglegarage44mmDoubleDoors.jpg,0,1,0%,18
https://www.buyshedsdirect.co.uk/media/wysiwyg/Blog/Sheds/10x6-Forest-4Life-Pent-Shed-min.jpg,0,1,0%,18
https://www.buyshedsdirect.co.uk/media/.renditions/wysiwyg/Blog/BuyShedsDirect/bsd20InsulationWool.jpg,0,1,0%,19
https://www.buyshedsdirect.co.uk/media/wysiwyg/Blog/BuyShedsDirect/8x6-keter-factor-plastic-shed.jpg,0,1,0%,19
https://www.buyshedsdirect.co.uk/media/wysiwyg/Blog/BuyShedsDirect/GHM108_13.jpg,0,1,0%,19
https://www.buyshedsdirect.co.uk/media/wysiwyg/Blog/BuyShedsDirect/compositeDeckingIdeas12PergolaDeckwithPlanterBoxesForest4.8x2.4DeckKitIncludingPergola.jpg,0,1,0%,19
https://www.buyshedsdirect.co.uk/media/wysiwyg/Blog/BuyShedsDirect/deckingInGardenIdeas7DeckWithContinuedStepsIntoTheLandscape.jpg,0,1,0%,19
https://www.buyshedsdirect.co.uk/media/wysiwyg/Blog/BuyShedsDirect/finalThoughtsPalramCopenhagen.jpg,0,1,0%,19
https://www.buyshedsdirect.co.uk/media/wysiwyg/Blog/BuyShedsDirect/forest-overlay-apex-shed.jpg,0,1,0%,19
https://www.buyshedsdirect.co.uk/media/wysiwyg/Blog/BuyShedsDirect/keter-hudson-storage-image-2.jpg,0,1,0%,19
https://www.buyshedsdirect.co.uk/media/wysiwyg/Blog/BuyShedsDirect/olfp46_4x6-insitu-min.jpg,0,1,0%,19
https://www.buyshedsdirect.co.uk/media/wysiwyg/Blog/BuyShedsDirect/shed-potting-bench.jpeg,0,1,0%,19
https://www.buyshedsdirect.co.uk/media/wysiwyg/Blog/fencing/plant-climber-runner-beans-shutterstock_2015853119-min.jpg,0,1,0%,19
https://www.buyshedsdirect.co.uk/media/.renditions/wysiwyg/Blog/BuyShedsDirect/bsd32SlimlineBinStorageTheTrimetalsTriple.jpg,0,1,0%,20
https://www.buyshedsdirect.co.uk/media/wysiwyg/Blog/BuyShedsDirect/11x8-saffron-apex-plus-plastic-vinyl-shed.jpg,0,1,0%,20
https://www.buyshedsdirect.co.uk/media/wysiwyg/Blog/BuyShedsDirect/2025/01_7_x_5_Forest_4Life_25yr_Guarantee_Overlap_Pressure_Treated_Apex_Wooden_Shed_2.18m_x_1.64m_.jpg,0,1,0%,20
https://www.buyshedsdirect.co.uk/media/wysiwyg/Blog/BuyShedsDirect/floor-insulation.jpg,0,1,0%,20
https://www.buyshedsdirect.co.uk/media/wysiwyg/Blog/BuyShedsDirect/small-gardens-image-ladder.jpeg,0,1,0%,20
https://www.buyshedsdirect.co.uk/media/wysiwyg/Blog/BuyFencingDirect/fenceHeightExtensionCoveringIdeasCover.jpg,0,1,0%,21
https://www.buyshedsdirect.co.uk/media/wysiwyg/Blog/BuyShedsDirect/38376_15x8-saffron-apex-extra-plastic-shed.jpg,0,1,0%,21
https://www.buyshedsdirect.co.uk/media/.renditions/wysiwyg/Blog/BuyShedsDirect/bsd30-raised-bed.jpg,0,1,0%,22
https://www.buyshedsdirect.co.uk/media/wysiwyg/Blog/BuyShedsDirect/4toolchests.jpeg,0,1,0%,22
https://www.buyshedsdirect.co.uk/media/wysiwyg/Blog/BuyShedsDirect/PP-Storage-Magnetic-1_1.jpg,0,1,0%,22
https://www.buyshedsdirect.co.uk/media/wysiwyg/Blog/BuyShedsDirect/design-seating-area-BS2109017-min.jpg,0,1,0%,22
https://www.buyshedsdirect.co.uk/media/wysiwyg/Blog/BuyShedsDirect/garden-waste-bags.jpg,0,1,0%,22
https://www.buyshedsdirect.co.uk/media/wysiwyg/Blog/BuyShedsDirect/palmako-ines.jpg,0,1,0%,22
https://www.buyshedsdirect.co.uk/media/wysiwyg/Blog/BuyShedsDirect/shed-base-installation-image.jpg,0,1,0%,22
https://www.buyshedsdirect.co.uk/media/wysiwyg/Blog/BuyShedsDirect/shed-interior-with-osb-floor.jpg,0,1,0%,22
https://www.buyshedsdirect.co.uk/media/wysiwyg/Blog/BuyFencingDirect/15LowMaintenanceSmallFrontGardenIdeasCover.jpg,0,1,0%,23
https://www.buyshedsdirect.co.uk/media/wysiwyg/Blog/BuyShedsDirect/12_x_8_Forest_Timberdale_Tongue_Groove_Double_Door_Reverse_Apex_Shed.jpg,0,1,0%,23
https://www.buyshedsdirect.co.uk/media/wysiwyg/Blog/BuyShedsDirect/desk-space.jpg,0,1,0%,23
https://www.buyshedsdirect.co.uk/media/wysiwyg/Blog/BuyShedsDirect/fold-down-bar.jpg,0,1,0%,23
https://www.buyshedsdirect.co.uk/media/wysiwyg/Blog/BuyShedsDirect/shire-hide-playhouse.jpg,0,1,0%,23
https://www.buyshedsdirect.co.uk/pub/media/wysiwyg/Blog/BuyShedsDirect/3_Lifestyle-Seasons-Warmth-Red-Portable-Gas-Cabinet-Heater-min.jpg,0,1,0%,23
https://www.buyshedsdirect.co.uk/media/wysiwyg/Blog/BuyShedsDirect/109000_palmako-simone-log-cabin-4-5-x-3-3m.jpg,0,1,0%,24
https://www.buyshedsdirect.co.uk/media/wysiwyg/Blog/BuyShedsDirect/15canopyIdeas7ConstructCustomCanopy.jpg,0,1,0%,24
https://www.buyshedsdirect.co.uk/media/wysiwyg/Blog/BuyShedsDirect/249000_8x8-keter-factor-plastic-shed.jpg,0,1,0%,24
https://www.buyshedsdirect.co.uk/media/wysiwyg/Blog/BuyShedsDirect/LTSHD_Log-and-Tool-Store_1.jpg,0,1,0%,24
https://www.buyshedsdirect.co.uk/media/wysiwyg/Blog/BuyShedsDirect/bestManCavesRelaxAddSoftLightingSolartecKit6SMFG06.jpg,0,1,0%,24
https://www.buyshedsdirect.co.uk/media/wysiwyg/Blog/BuyShedsDirect/buyingFromBuyShedsDirect2HallsWallGarden26.jpg,0,1,0%,24
https://www.buyshedsdirect.co.uk/media/wysiwyg/Blog/BuyShedsDirect/deckingInGardenIdeas6DeckWithModernRailingForestEuropaHamburg6x6egsha18.png,0,1,0%,24
https://www.buyshedsdirect.co.uk/media/wysiwyg/Blog/BuyShedsDirect/design-seating-area-BS278125117-min.jpg,0,1,0%,24
https://www.buyshedsdirect.co.uk/media/wysiwyg/Blog/BuyShedsDirect/otherBoundaryIdeasForestTrellisPlanterTPLA.jpg,0,1,0%,24
https://www.buyshedsdirect.co.uk/media/wysiwyg/Blog/BuyShedsDirect/6x12-palram-canopia-grey-plastic-shed.jpg,0,1,0%,25
https://www.buyshedsdirect.co.uk/media/wysiwyg/Blog/BuyShedsDirect/buyingFromBuyShedsDirect3PalramLeanToMini4x2.jpg,0,1,0%,25
https://www.buyshedsdirect.co.uk/media/wysiwyg/Blog/BuyShedsDirect/outdoor-furniture-raincover.jpg,0,1,0%,25
https://www.buyshedsdirect.co.uk/media/wysiwyg/Blog/BuyShedsDirect/plastic-shed-base_1.jpg,0,1,0%,25
https://www.buyshedsdirect.co.uk/media/wysiwyg/Blog/BuyShedsDirect/shedCanopyIdeasPalmakoKarlCarportWithShedUpgrade25x20.jpg,0,1,0%,25
https://www.buyshedsdirect.co.uk/media/wysiwyg/Blog/BuyShedsDirect/tool-kit.jpg,0,1,0%,25
https://www.buyshedsdirect.co.uk/blog/category/playhouses?page=2,0,1,0%,26
https://www.buyshedsdirect.co.uk/media/.renditions/wysiwyg/Blog/BuyShedsDirect/bsd2-4la68dd2wm-wooden-shed.jpg,0,1,0%,26
https://www.buyshedsdirect.co.uk/media/.renditions/wysiwyg/Blog/BuyShedsDirect/bsd34MetalScreensPanaceaMetalFencePanel.jpg,0,1,0%,26
https://www.buyshedsdirect.co.uk/media/wysiwyg/Blog/BuyShedsDirect/diyGarageStorageAddShelvingUseStackableBinsreused1.jpg,0,1,0%,26
https://www.buyshedsdirect.co.uk/media/wysiwyg/Blog/BuyShedsDirect/greenhouses-perimeter-bases.jpeg,0,1,0%,26
https://www.buyshedsdirect.co.uk/media/wysiwyg/Blog/BuyShedsDirect/whatRole1ForestMendip.jpg,0,1,0%,26
https://www.buyshedsdirect.co.uk/media/.renditions/wysiwyg/Blog/BuyShedsDirect/2025/Santa_grotto_3.jpeg,0,1,0%,27
https://www.buyshedsdirect.co.uk/media/.renditions/wysiwyg/Blog/BuyShedsDirect/bsd28ShedSecurityIdeasTipsAsgardGarrison.jpg,0,1,0%,27
https://www.buyshedsdirect.co.uk/media/wysiwyg/Blog/BuyShedsDirect/beckwood-shed-image-5.jpg,0,1,0%,27
https://www.buyshedsdirect.co.uk/media/wysiwyg/Blog/BuyShedsDirect/contpf.jpg,0,1,0%,27
https://www.buyshedsdirect.co.uk/media/wysiwyg/Blog/BuyShedsDirect/garageConversionIdeasConclusionPalmakoRoger36x55SingleGarageDoubleDoors102347.jpg,0,1,0%,27
https://www.buyshedsdirect.co.uk/media/wysiwyg/Blog/BuyShedsDirect/gardenIdeasForPatios131ForestVerticalSlattedPanel6x2vslatts2.jpg,0,1,0%,27
https://www.buyshedsdirect.co.uk/blog/category/greenhouses?page=2,0,1,0%,28
https://www.buyshedsdirect.co.uk/media/wysiwyg/Blog/BuyShedsDirect/12ExcitingGarageConversionIdeas11PlayroomTraditionalPLayhouseWithGarage10x6tra610pla.jpg,0,1,0%,28
https://www.buyshedsdirect.co.uk/media/wysiwyg/Blog/BuyShedsDirect/howToChooseBestMiniGreenhouseColdFramesFinalThoughtsPalramIvy.jpg,0,1,0%,28
https://www.buyshedsdirect.co.uk/media/wysiwyg/Blog/BuyShedsDirect/mwlgst_forest-apex-medium-log-store.jpg,0,1,0%,28
https://www.buyshedsdirect.co.uk/media/wysiwyg/Blog/BuyShedsDirect/patio-lighting.jpeg,0,1,0%,28
https://www.buyshedsdirect.co.uk/media/wysiwyg/Blog/BuyShedsDirect/plants-growing-on-fencing.jpg,0,1,0%,28
https://www.buyshedsdirect.co.uk/media/wysiwyg/Blog/BuyShedsDirect/typesOfGarages2SemiDetatchedGaragesTrimetalsmcg960.jpg,0,1,0%,28
https://www.buyshedsdirect.co.uk/media/wysiwyg/Blog/BuyShedsDirect/ultima-pergola.jpg,0,1,0%,28
https://www.buyshedsdirect.co.uk/media/wysiwyg/Blog/BuyShedsDirect/wheelie-bin-hide-1.jpg,0,1,0%,28
https://www.buyshedsdirect.co.uk/media/wysiwyg/Blog/fencing/Forest-6x6-Contemporary-Grey-Double-Slatted-Fence-Panel-min_1.jpg,0,1,0%,28
https://www.buyshedsdirect.co.uk/media/wysiwyg/Blog/BuyShedsDirect/2024/AdobeStock_301852563_resized.jpg,0,1,0%,29
https://www.buyshedsdirect.co.uk/media/wysiwyg/Blog/BuyShedsDirect/6_x4_Palram_Canopia_Harmony_Small_Silver_Polycarbonate_Greenhouse_1.8x1.2m_.JPG,0,1,0%,29
https://www.buyshedsdirect.co.uk/media/wysiwyg/Blog/BuyShedsDirect/bigstock-arch-gate-honeysuckle-693672-min.jpg,0,1,0%,29
https://www.buyshedsdirect.co.uk/media/wysiwyg/Blog/BuyShedsDirect/deckingInGardenIdeas5BackyardRetreatPalramATXGazebo.jpg,0,1,0%,29
https://www.buyshedsdirect.co.uk/media/wysiwyg/Blog/BuyShedsDirect/diyGarageStorageAddShelvingUseStackableBinsreused2.jpg,0,1,0%,29
https://www.buyshedsdirect.co.uk/media/wysiwyg/Blog/BuyShedsDirect/forest-4life-pent-summerhouse.jpg,0,1,0%,29
https://www.buyshedsdirect.co.uk/media/wysiwyg/Blog/BuyShedsDirect/miniGreenhouseIdeasHallsBirdlip4x4Greenv01569.jpg,0,1,0%,29
https://www.buyshedsdirect.co.uk/media/wysiwyg/Blog/BuyShedsDirect/palmako-andrea-log-cabin-image-3.jpg,0,1,0%,29
https://www.buyshedsdirect.co.uk/blog/category/greenhouses?page=4,0,1,0%,30
https://www.buyshedsdirect.co.uk/media/wysiwyg/Blog/BuyShedsDirect/forest-midi-storage-image-8.jpg,0,1,0%,30
https://www.buyshedsdirect.co.uk/media/wysiwyg/Blog/BuyShedsDirect/shire-lumley-summerhouse.jpg,0,1,0%,30
https://www.buyshedsdirect.co.uk/media/wysiwyg/Blog/BuyShedsDirect/traditional-potting-shed.jpg,0,1,0%,30
https://www.buyshedsdirect.co.uk/media/wysiwyg/Blog/BuyShedsDirect/tiki-bar.jpg,0,1,0%,31
https://www.buyshedsdirect.co.uk/media/wysiwyg/Blog/BuyShedsDirect/SPF_Small-Pebble-Fountain.jpg,0,1,0%,34
https://www.buyshedsdirect.co.uk/media/wysiwyg/Blog/BuyShedsDirect/community-gardening.jpg,0,1,0%,34
https://www.buyshedsdirect.co.uk/media/wysiwyg/Blog/BuyShedsDirect/2024/DSC_4587_resized.jpg,0,1,0%,44
https://www.buyshedsdirect.co.uk/media/wysiwyg/Blog/BuyShedsDirect/7x3-access-bike-store.jpg,0,1,0%,49
https://www.buyshedsdirect.co.uk/media/blog/cache/300x200/wysiwyg/Blog/BuyFencingDirect/fenceHeightExtensionCoveringIdeasCover.jpg,0,1,0%,51
https://www.buyshedsdirect.co.uk/blog/?page=14,0,1,0%,87
https://www.buyshedsdirect.co.uk/media/wysiwyg/Blog/BuyShedsDirect/244762_keter-elite-duotech-garden-storage-box.jpg,0,1,0%,87