Top queries,Clicks,Impressions,CTR,Position
greenhouse base ideas,344,5317,6.47%,2.64
building a shed foundation with concrete blocks,271,5203,5.21%,3.04
shed insulation,243,43388,0.56%,7.19
electricity to shed regulations uk,238,2399,9.92%,2.29
concrete blocks for shed base,236,6159,3.83%,8.75
outdoor bar,232,35208,0.66%,6.94
shed storage ideas,219,18409,1.19%,10.69
how to fill a planter,202,1091,18.52%,2.54
paving slabs for shed base,193,4689,4.12%,6.55
how to build a shed base with paving slabs,192,6044,3.18%,8.68
how to insulate a shed,162,23604,0.69%,10.12
slab base for shed,160,1513,10.58%,4.69
paving slab shed base,158,968,16.32%,4.92
slabs for shed base,157,3657,4.29%,6.79
shed base ideas,156,15730,0.99%,7.25
concrete slabs for shed base,134,2760,4.86%,4.71
shed base slabs,128,3475,3.68%,11.33
slab shed base,123,757,16.25%,3.5
bike storage ideas,115,13192,0.87%,15.54
greenhouse foundation ideas,114,2686,4.24%,2.93
garden tool storage,112,25726,0.44%,11.98
shed base,109,32063,0.34%,14.25
how to insulate a log cabin,108,2091,5.16%,4.05
do i need a shed base on slabs,102,1888,5.4%,3.7
insulating a log cabin,99,853,11.61%,2.59
log store plans,97,6302,1.54%,7.56
what to put in the bottom of a planter for drainage,97,4368,2.22%,5.42
climbing plants for trellis,91,10059,0.9%,10.69
allotment shed,91,6109,1.49%,5.13
shed accessories,90,8283,1.09%,15.63
solar panels for sheds,89,5231,1.7%,10.6
how to build a shed base on grass,86,6142,1.4%,8.73
concrete block shed foundation,84,4502,1.87%,5.2
how to build a shed,80,9418,0.85%,8.76
concrete block shed base,77,1570,4.9%,3.3
grass alternatives you can walk on uk,74,1962,3.77%,6.85
lawn alternatives uk,73,1921,3.8%,5.98
how to insulate log cabin,73,946,7.72%,3.94
how to fill planters,73,530,13.77%,3.18
paving slab base for shed,73,382,19.11%,4.05
shed ideas,72,10919,0.66%,11.8
how to fill a large planter,72,830,8.67%,3.51
log storage outdoor,71,7108,1%,10.38
how many concrete blocks for shed foundation,71,5141,1.38%,5.32
best type of shed,71,1427,4.98%,3.99
insulating a shed,70,11291,0.62%,9.56
laying slabs for shed base,69,1001,6.89%,5.75
shed base paving slabs,69,791,8.72%,4.45
garden screening ideas,67,9154,0.73%,11.95
shed shelving ideas,66,6502,1.02%,10.66
log store outdoor,65,4559,1.43%,9.34
log store ideas,64,16458,0.39%,6.77
garden shed ideas,63,8726,0.72%,8.42
best garden storage box,62,1732,3.58%,7.51
how to fill large planters,61,761,8.02%,5.86
log storage,60,14475,0.41%,18.24
gravel shed base,60,2060,2.91%,11.9
garden tool storage ideas,59,6291,0.94%,5.17
outdoor bar ideas,58,13662,0.42%,4.75
best way to insulate a shed,58,2741,2.12%,6.83
alternatives to grass lawn uk,58,1202,4.83%,4.54
solar panel for shed,55,4944,1.11%,20.28
best climbing plants for trellis,55,2119,2.6%,7.54
best shed base for uneven ground,54,1975,2.73%,5.13
shed foundation blocks,52,4457,1.17%,13.83
best outdoor storage box,52,908,5.73%,7.31
shed base with slabs,52,333,15.62%,3.68
shed solar power kit,51,1564,3.26%,7.52
solar panels for shed,50,3307,1.51%,14.21
shed solar panel kit,50,2655,1.88%,7.91
summer house ideas,49,16380,0.3%,14.89
tongue and groove shed,49,5523,0.89%,11.71
how to lay slabs for shed base,49,718,6.82%,4.21
filling planters,47,224,20.98%,3.54
shed base for uneven ground,45,1708,2.63%,5.01
greenhouse base,44,5505,0.8%,14.35
resin shed,44,3936,1.12%,10.48
best plants for trellis,44,1200,3.67%,14.68
shed base on a slope,44,807,5.45%,4.92
garden privacy ideas,43,4802,0.9%,12.02
what type of shed is best,43,1658,2.59%,5.76
solar power for shed,42,3694,1.14%,21.89
log cabin insulation,42,3551,1.18%,3.26
gravel base for shed,42,2964,1.42%,9.04
toomax vs keter,42,162,25.93%,1.38
best sheds,41,5307,0.77%,16.03
garden workshop shed,41,3364,1.22%,13.79
small shed storage ideas,41,3258,1.26%,8.83
best waterproof garden storage box,41,1637,2.5%,10.78
how to insulate a cabin,41,277,14.8%,4.58
cheap garden screening ideas,40,3666,1.09%,10
plastic or wooden shed,40,1473,2.72%,8.67
running electric to shed above ground uk,40,588,6.8%,2.8
how to build a shed base,39,4896,0.8%,17.41
cheapest way to level ground for shed,39,2751,1.42%,7.97
cheapest way to fill planters,39,2124,1.84%,6.54
building a shed base on uneven ground,39,401,9.73%,3.51
how to level ground for a shed,38,2429,1.56%,9.91
how to lay a shed base on grass,38,1275,2.98%,5.32
concrete blocks for shed foundation,38,1105,3.44%,7.94
paving slab base,38,680,5.59%,4.03
shed base uneven ground,38,632,6.01%,3.9
running electricity to a shed uk,38,388,9.79%,3.26
laying paving slabs for shed base,38,258,14.73%,3.72
trellis plants,37,6265,0.59%,9.9
what to put in the bottom of a planter,37,697,5.31%,5.02
how to lay paving slabs for shed base,37,397,9.32%,4.33
concrete blocks shed base,37,325,11.38%,2.74
what to put in bottom of planter for drainage,36,1112,3.24%,6.36
filling a planter,36,200,18%,2.69
insulating log cabin,35,483,7.25%,4.04
does pressure treated wood need to be painted,35,403,8.68%,3.61
laying slabs on soil for shed base,35,334,10.48%,2.63
insulation for shed,34,2984,1.14%,11.64
best plastic sheds,34,1916,1.77%,9.88
shed base concrete blocks,34,859,3.96%,4.78
insulate log cabin,34,829,4.1%,2.89
best shed material,34,578,5.88%,5.82
workshop shed,33,7441,0.44%,16.27
how to dismantle a shed,33,5085,0.65%,7.38
modular shed,33,1943,1.7%,16.77
shed base on uneven ground,33,1014,3.25%,4.22
concrete blocks,33,365,9.04%,4.6
laying slabs on sand for shed base,33,345,9.57%,2.55
insulate a log cabin,33,227,14.54%,2.17
outdoor log storage,32,3266,0.98%,10.4
best shed,32,3250,0.98%,10.19
wheelie bin screen ideas,32,2455,1.3%,2.64
grass alternatives uk,32,1115,2.87%,6
building a shed base on a slope uk,32,475,6.74%,4.43
how to run electricity to a shed uk,32,293,10.92%,3.72
filling large planters,32,278,11.51%,6.43
running power to a shed uk,32,276,11.59%,3.13
garden bar,31,24339,0.13%,7.95
insulated shed,31,15857,0.2%,12.41
types of sheds,31,2872,1.08%,14.87
best garden storage,31,1427,2.17%,15.16
tanalised wood treatment,31,1339,2.32%,4.94
can you put a shed on paving slabs,31,835,3.71%,12.11
how to build a shed base on a slope,31,769,4.03%,5.6
shed power,31,452,6.86%,5.13
do you need to paint pressure treated wood,31,394,7.87%,4.35
best type of shed to buy,31,270,11.48%,2.91
garden shed accessories,30,2425,1.24%,8.2
how to level a shed base on uneven ground,30,840,3.57%,3.16
outside bar,29,13814,0.21%,8.32
insulating shed,29,3011,0.96%,11.09
best garden shed,29,2399,1.21%,15.16
fence height next to public footpath uk,29,1268,2.29%,4.73
alternative to grass lawn uk,29,1220,2.38%,5.72
best plastic sheds uk,29,948,3.06%,7.42
best base for greenhouse,29,947,3.06%,6.07
forest beckwood shed reviews,29,806,3.6%,6.22
wheelie bin storage ideas,28,5671,0.49%,11.24
plants for trellis,28,2650,1.06%,9.1
plastic shed,28,2079,1.35%,5.92
cheap fence covering ideas,28,2045,1.37%,6.21
covered garden seating,28,1744,1.61%,3.91
metal or wooden shed,28,1473,1.9%,9.06
shed base blocks,28,1250,2.24%,8.88
concrete blocks for shed,28,887,3.16%,7.71
summer house under £500,27,2616,1.03%,4.44
greenhouse foundation,27,2455,1.1%,9.65
garden privacy screen ideas,27,2440,1.11%,10.61
can you put a shed on grass,27,1804,1.5%,9.49
cheap paving slabs for shed base,27,1716,1.57%,8.22
what is the best type of shed to buy,27,1270,2.13%,2.21
how to level ground for a shed without digging,27,1212,2.23%,5.76
best base for a greenhouse,27,855,3.16%,5.31
best concrete blocks for shed,27,719,3.76%,6.92
concrete foundation blocks for shed,27,715,3.78%,8.32
concrete block for shed base,27,426,6.34%,4.31
shed base for sloping ground,27,366,7.38%,3.72
insulate a shed,26,5230,0.5%,11.37
best garden sheds,26,4928,0.53%,20.41
modular sheds,26,3226,0.81%,13.56
concrete foundation blocks,26,1530,1.7%,36.9
what can i use to fill the bottom of a large planter uk,26,908,2.86%,3.94
shed on concrete blocks,26,865,3.01%,6.39
allotment sheds,26,820,3.17%,7.19
blocks for shed base,26,642,4.05%,10.27
wheelie bin storage,26,618,4.21%,14.18
best type of garden shed,26,309,8.41%,4.95
filling a large planter,26,231,11.26%,6.86
shed wiring regulations uk,26,190,13.68%,1.99
cheap summer houses,25,11083,0.23%,17.21
fencing ideas,25,9817,0.25%,3.34
outdoor garden bar,25,7084,0.35%,10.08
long narrow garden ideas,25,2785,0.9%,6.17
cheap summer house,25,2368,1.06%,12.17
shed solar panels,25,1258,1.99%,7.54
how to build a shed on a slope,25,830,3.01%,8.57
shed on paving slabs,25,383,6.53%,3.71
concrete slab shed base,25,328,7.62%,4.67
best base for greenhouse uk,25,290,8.62%,3.44
garden shed storage ideas,24,4661,0.51%,12.31
shed workshop ideas,24,2684,0.89%,2.3
small garden shed ideas,24,2475,0.97%,6.25
outside bar for garden,24,2183,1.1%,4.46
best plastic shed,24,1326,1.81%,14.23
are plastic sheds better than wood,24,1320,1.82%,4.46
uneven ground shed base,24,1079,2.22%,4.15
trick to fill large planter,24,941,2.55%,4.85
shed base on sloped ground,24,612,3.92%,4.54
can you insulate a log cabin,24,250,9.6%,2.91
how to lay a slab base for a shed,24,239,10.04%,3.4
garden bar ideas,23,12440,0.18%,6.76
fence height loopholes,23,5178,0.44%,9.63
outdoor log store,23,3740,0.61%,11.84
garden workshop ideas,23,2573,0.89%,4.7
base for greenhouse,23,1662,1.38%,10.66
soundproof shed for music,23,781,2.94%,4.52
concrete block base for shed,23,565,4.07%,4.8
how to fill a planter box,23,463,4.97%,5.4
insulating a cabin,23,147,15.65%,4.19
how to fill garden planters,23,114,20.18%,2.2
shed workshop,22,3770,0.58%,12.71
soundproof shed,22,3562,0.62%,9.18
are plastic sheds any good,22,3047,0.72%,8.13
how to build a shed base on uneven ground,22,2682,0.82%,5.74
garden bar ideas on a budget,22,2367,0.93%,7.19
shed layout ideas,22,2030,1.08%,3.12
concrete block shed,22,1700,1.29%,3.63
small shed ideas,22,1693,1.3%,6.73
best outdoor storage,22,1129,1.95%,15.78
building a shed on a slope,22,1121,1.96%,9.61
how to run power to a shed,22,899,2.45%,8.4
do i need a permit to run electricity to my shed uk,22,690,3.19%,3.24
how to fill a deep planter box,22,451,4.88%,3.54
how to build a cinder block foundation for a shed,22,280,7.86%,2.59
concrete slab base for shed,22,219,10.05%,4.68
log cabin vs summer house,22,129,17.05%,1.97
fence cover ideas,21,4262,0.49%,3.94
plastic shed base,21,3285,0.64%,18.37
waterproof outdoor log storage,21,1771,1.19%,9.4
sound proof shed,21,1638,1.28%,9.04
bin screen ideas,21,1589,1.32%,2.14
how to build a shed base with concrete blocks,21,1412,1.49%,8.2
solar panels for shed roof,21,1117,1.88%,12.78
types of garden sheds,21,1029,2.04%,8.46
shed electrics,21,766,2.74%,6.52
soundproof shed for drums,21,710,2.96%,3.1
breeze block shed base,21,552,3.8%,4.07
"modern long, narrow garden ideas",21,431,4.87%,3.85
do you need to treat pressure treated wood,21,392,5.36%,3.72
should you paint pressure treated wood,21,263,7.98%,11.59
building a shed base with concrete blocks,21,241,8.71%,3.35
how to fill a garden planter,21,148,14.19%,2.86
garden shed base,20,11399,0.18%,12.08
shed colours,20,5965,0.34%,4.15
fence covering ideas,20,5633,0.36%,5.01
types of shed,20,3154,0.63%,7
covered garden seating area,20,2033,0.98%,3.96
plastic sheds,20,1892,1.06%,6.19
modern shed colors,20,1455,1.37%,3.6
shed base on grass,20,1227,1.63%,7.32
how to level a shed,20,1039,1.92%,15.25
how to organise a shed,20,897,2.23%,6.73
best gravel for shed base,20,472,4.24%,6.27
using concrete blocks for shed foundation,20,461,4.34%,4.86
do i need to paint pressure treated wood,20,203,9.85%,2.83
how to apply for planning permission for a shed,20,152,13.16%,1.77
shed slab base,20,118,16.95%,2.42
garden storage ideas,19,6364,0.3%,25.32
best climbing plants,19,3796,0.5%,9.35
shed organisation ideas,19,2993,0.63%,8.36
resin sheds,19,2288,0.83%,10.38
fence screening ideas,19,1603,1.19%,13.06
slab base,19,1549,1.23%,7.27
can you put a shed on gravel,19,1234,1.54%,6.73
shed power supply kit,19,1097,1.73%,9.51
how to level a shed base,19,932,2.04%,8.27
solar panel for shed roof,19,840,2.26%,8.16
how to store bikes outside without a shed,19,781,2.43%,3.47
running power to shed,19,649,2.93%,12.14
what to put in bottom of planter,19,563,3.37%,3.7
gas heater for shed,19,512,3.71%,6.16
shed for allotment,19,503,3.78%,6.61
insulation for log cabin,19,404,4.7%,4.15
shed base with concrete blocks,19,395,4.81%,4.99
how to get electric to a shed,19,300,6.33%,4.37
shed base using paving slabs,19,94,20.21%,2.63
paving slabs shed base,19,91,20.88%,1.7
long garden ideas,18,3815,0.47%,3.41
shed roof insulation,18,2999,0.6%,9.63
insulate shed,18,2708,0.66%,8.65
shed organization ideas,18,1764,1.02%,10.7
shed organisation,18,1367,1.32%,9.77
fence height between neighbours front garden uk,18,1276,1.41%,5.37
shed interior ideas,18,1182,1.52%,11.66
how to level ground for shed,18,1091,1.65%,11.54
does pressure treated wood need to be sealed,18,1054,1.71%,5.2
do plastic sheds need a base,18,886,2.03%,7.85
shed on blocks,18,828,2.17%,9.75
best garden storage boxes,18,813,2.21%,16.82
best treatment for pressure treated wood,18,588,3.06%,6.97
shed upgrades,18,571,3.15%,9.48
damp proof membrane for shed base,18,547,3.29%,4.23
solar power kit for shed with battery uk,18,539,3.34%,7.35
what is the best garden storage box,18,515,3.5%,7.3
do i need a permit to run electricity to my shed,18,471,3.82%,6.88
what is the best garden shed to buy,18,462,3.9%,6.58
shed insulation kit,18,418,4.31%,10.65
shed base on concrete blocks,18,299,6.02%,4.37
diy log store plans,18,288,6.25%,5.45
do i need to treat pressure treated wood,18,257,7%,3.65
shed types,17,4609,0.37%,13.04
fence covering,17,4410,0.39%,10.15
garden shed base ideas,17,2245,0.76%,10.41
garden sitting area,17,1893,0.9%,2.98
how to make a shed,17,1222,1.39%,10.86
concrete block foundation for shed,17,727,2.34%,6.36
which shed material is best,17,588,2.89%,10.76
shed base on slabs,17,549,3.1%,12.96
building a shed on uneven ground,17,517,3.29%,4.83
how to build a wooden shed base on uneven ground,17,411,4.14%,3.61
what is the best base for a greenhouse,17,388,4.38%,5.45
drainage for planters,17,375,4.53%,13.87
best drainage for pots,17,111,15.32%,3.06
shed heater,16,10713,0.15%,8.13
small garden bar,16,4950,0.32%,9.11
shed organiser,16,4936,0.32%,16.5
wood store ideas,16,4803,0.33%,7.4
shed storage solutions,16,4180,0.38%,14.25
shed with electricity,16,2297,0.7%,11.4
outside log storage,16,1749,0.91%,8.1
shed layout,16,1387,1.15%,3.69
outdoor wood store,16,1357,1.18%,11.29
log store plans uk,16,1057,1.51%,7.94
foundation blocks for shed,16,1031,1.55%,11.75
garden bike storage ideas,16,952,1.68%,6.37
can i put a shed on grass,16,882,1.81%,14.52
best outdoor storage box uk,16,750,2.13%,6.08
how to build a shed foundation on a slope,16,661,2.42%,13.56
block foundation for shed,16,633,2.53%,7.6
how to lay slabs for a shed base,16,573,2.79%,8.17
how to get power to a shed,16,558,2.87%,6.7
metal vs wooden shed,16,543,2.95%,3.85
wooden or plastic shed,16,391,4.09%,5.46
base for plastic shed,16,371,4.31%,7.64
concrete blocks for sheds,16,303,5.28%,4.95
best garden storage box uk,16,282,5.67%,5.24
plants to grow on trellis,16,277,5.78%,7.18
garden shed electrics,16,251,6.37%,1.88
low maintenance lawn alternatives uk,16,174,9.2%,4.14
how to fill deep planters,16,168,9.52%,2.18
how to build shed base on slope,16,168,9.52%,4.69
easy shed base,15,2976,0.5%,13.29
how to make a shed base,15,2626,0.57%,12.78
shed construction,15,2582,0.58%,12.98
tongue and groove sheds,15,1947,0.77%,16.78
do pressure treated fence panels need painting,15,1746,0.86%,10.43
wood store plans,15,1714,0.88%,11.45
best climbing plants uk,15,1699,0.88%,8.45
shed accessories uk,15,1346,1.11%,8
solar panel for shed power,15,1263,1.19%,12.47
garden covered seating,15,1238,1.21%,3.57
planter drainage,15,1069,1.4%,24.4
can you paint pressure treated wood,15,1062,1.41%,6.98
sheds,15,1035,1.45%,7.12
what can i use to fill the bottom of a large planter,15,808,1.86%,9.31
how to level a shed on uneven ground,15,791,1.9%,3.8
how to level a shed on a slope,15,750,2%,3.23
long narrow garden designs,15,721,2.08%,3.42
how to run power to a shed above ground,15,475,3.16%,4.94
how to hide a garden shed,15,463,3.24%,5.4
best shed to buy,15,334,4.49%,7.29
best plastic shed uk,15,320,4.69%,7.54
solar panels for a shed,15,305,4.92%,9.8
low-maintenance ground cover ideas instead of grass,15,302,4.97%,5.94
plastic shed vs wooden shed,15,289,5.19%,4.95
shed on slabs,15,178,8.43%,3.05
how to fill a trough planter,15,162,9.26%,3.1
paving slab for shed base,15,149,10.07%,3.72
treating pressure treated wood,15,137,10.95%,7.97
outdoor seating area with roof,14,2910,0.48%,1.84
best sheds to buy,14,1947,0.72%,11.23
shed foundation,14,1795,0.78%,24.96
how to soundproof a shed,14,1726,0.81%,7.27
diy summer house,14,1506,0.93%,8.47
plastic vs wood shed,14,1326,1.06%,9.67
cabin insulation,14,1141,1.23%,7.24
how to build a shed uk,14,991,1.41%,9.31
pea gravel for shed base,14,866,1.62%,6.48
garden screening ideas on a budget,14,863,1.62%,8.61
concrete shed blocks,14,740,1.89%,7.43
wood or plastic shed,14,724,1.93%,10.17
best solar panel kit for shed uk,14,703,1.99%,8.51
how to felt a flat shed roof,14,618,2.27%,6.97
electricity to shed regulations uk pdf,14,357,3.92%,7.71
shed on gravel base,14,350,4%,16.45
best material for garden shed,14,317,4.42%,5.41
does treated wood need to be painted,14,251,5.58%,2.54
how to treat pressure treated wood,14,232,6.03%,8.47
best slabs for shed base,14,230,6.09%,3.31
wooden greenhouse base,14,212,6.6%,7.36
concrete blocks under shed,14,172,8.14%,4.43
can a fence be higher than 6 feet,14,113,12.39%,1.97
trellis for climbing plants,13,6673,0.19%,17.58
how to lay a shed base,13,4487,0.29%,11.62
bin storage ideas,13,3211,0.4%,9.26
best insulation for shed,13,3059,0.42%,12.47
cheapest way to insulate a shed,13,2389,0.54%,8.59
bin cover ideas,13,1959,0.66%,3.32
how to run electricity to a shed,13,1556,0.84%,7.95
how to get electricity to a shed,13,1483,0.88%,6.75
screen to hide garden shed,13,1283,1.01%,12.42
solar panel for shed 240v,13,1118,1.16%,9.59
seating area in garden with roof,13,1029,1.26%,1.67
shed on uneven ground,13,899,1.45%,4.55
how to felt a pent shed roof,13,897,1.45%,7.4
waterproof shed from inside,13,790,1.65%,4.22
tanalised timber treatment,13,641,2.03%,4.82
shed concrete blocks,13,592,2.2%,9.87
log cabin wall insulation,13,582,2.23%,4.07
sand for shed base,13,496,2.62%,5.72
base for shed on slope,13,425,3.06%,9.53
how to build a shed floor on uneven ground,13,424,3.07%,3.5
best plastic garden sheds,13,417,3.12%,11.15
how to fill a large planter with less soil,13,325,4%,5.83
alternative to lawn uk,13,313,4.15%,5.61
what to put at bottom of planter,13,290,4.48%,6.71
tools needed to build a shed,13,257,5.06%,6.48
best plants for trellis uk,13,237,5.49%,3.74
insulating a log cabin wall,13,206,6.31%,3.07
gas heater for summerhouse,13,164,7.93%,1.99
alternatives to lawn uk,13,161,8.07%,4.1
putting electrics in a shed,13,151,8.61%,5.37
best shed accessories,13,151,8.61%,7.11
level shed base on slope,13,94,13.83%,3.7
best shed material uk,13,85,15.29%,2.06
garden fence ideas,12,5807,0.21%,22.13
front garden boundary fence law uk,12,4158,0.29%,5.7
wheelie bin hideaway,12,3537,0.34%,9.67
tongue and groove boards for sheds,12,3388,0.35%,9.42
garden fencing ideas,12,3302,0.36%,19.63
build a shed base,12,2410,0.5%,15
wooden garden bar,12,1998,0.6%,10.36
garden shed shelving ideas,12,1946,0.62%,4.45
outside bar ideas,12,1898,0.63%,3.08
gravel shed foundation,12,1718,0.7%,21.37
how to insulate a garden shed,12,1633,0.73%,10.49
how to insulate shed,12,1589,0.76%,9.74
long garden design,12,1503,0.8%,2.55
how to build a garden fence,12,1475,0.81%,9.89
greenhouse foundation options,12,1467,0.82%,5.97
can you insulate a shed,12,1458,0.82%,9.83
how to build a shed foundation with cinder blocks,12,1378,0.87%,1.8
garden tool organiser,12,1279,0.94%,12.25
small outdoor bar ideas,12,1217,0.99%,4.7
sitting area in garden,12,1149,1.04%,2.2
solar panel kit for shed,12,1146,1.05%,10.29
shiplap vs tongue and groove shed,12,1091,1.1%,6.77
garden sheds,12,940,1.28%,7.58
best garden workshops uk,12,927,1.29%,8.76
summer house ideas on a budget,12,897,1.34%,1.69
covered seating area in garden,12,877,1.37%,1.59
shed on gravel,12,874,1.37%,7.82
does a plastic shed need a foundation,12,796,1.51%,4.58
how to level shed base,12,646,1.86%,10.2
can you put shed on grass,12,645,1.86%,15.36
shed base on slope,12,633,1.9%,6.43
are metal sheds better than wood,12,622,1.93%,7.04
garden shed interior ideas,12,612,1.96%,2.19
solar panel for garden shed,12,597,2.01%,9.14
concrete slabs for sheds,12,566,2.12%,15.9
plants that grow up trellis,12,541,2.22%,6.82
screwfix plastic sheds,12,507,2.37%,3.94
solar panel shed,12,505,2.38%,9.44
solar powered shed,12,495,2.42%,18.4
what to put in planters,12,475,2.53%,5.98
small shed shelving ideas,12,445,2.7%,5.51
best greenhouse base,12,401,2.99%,5.29
wood vs plastic shed,12,382,3.14%,5.02
grass lawn alternatives uk,12,378,3.17%,4.55
solar panel system for shed,12,275,4.36%,8.47
getting power to a shed,12,238,5.04%,5.29
best base for plastic shed,12,230,5.22%,7.97
shed gas heater,12,221,5.43%,6.1
best outdoor storage boxes,12,211,5.69%,13.47
what to put in pots for drainage,12,185,6.49%,5.38
damp proof membrane shed base,12,175,6.86%,3.99
external power cable to shed,12,170,7.06%,3.65
lightweight drainage for planters,12,150,8%,4.81
wooden shed vs plastic shed,12,146,8.22%,2.75
greenhouse bases ideas,12,144,8.33%,2.41
how to make a shed base with slabs,12,136,8.82%,3.35
how to make a level base for shed,12,129,9.3%,4.57
slab for garden shed,12,105,11.43%,11.68
should i paint pressure treated wood,12,104,11.54%,10.57
filling garden planters,12,41,29.27%,1.54
shed storage,11,4997,0.22%,20.28
shed bases,11,3578,0.31%,60.64
small summer house ideas,11,3025,0.36%,5.86
how to insulate a shed for free,11,3014,0.36%,10.6
log storage ideas,11,2863,0.38%,3.84
man cave ideas,11,1990,0.55%,4.88
solar heater for shed,11,1883,0.58%,16.63
garden shed ideas uk,11,1834,0.6%,8.51
garden shed storage solutions,11,1779,0.62%,24.26
small garden bar ideas,11,1619,0.68%,3.25
best sheds uk,11,1502,0.73%,15.67
outside bike storage ideas,11,1349,0.82%,4.82
long narrow garden design,11,1331,0.83%,4.19
diy shed base,11,1225,0.9%,9.87
garden tools storage ideas,11,1173,0.94%,2.4
shed foundation on slope,11,1168,0.94%,10.54
plastic shed vs wood,11,843,1.3%,14.74
long garden designs and layouts,11,786,1.4%,3.53
best insulation for garden room,11,747,1.47%,7.75
plant pot drainage,11,630,1.75%,20.3
level ground for shed,11,625,1.76%,12.33
soundproofing a shed,11,590,1.86%,9.82
plastic sheds for sale,11,574,1.92%,9.81
trellis flowers,11,555,1.98%,6.79
shed storage shelves ideas,11,553,1.99%,8.87
shed on grass,11,546,2.01%,10.22
long thin garden design,11,533,2.06%,2.91
running electric to shed,11,493,2.23%,7.23
putting a shed on a slope,11,492,2.24%,8.56
how to treat fence panels,11,407,2.7%,6.63
foundation for greenhouse,11,402,2.74%,12.88
best soil for large planters,11,384,2.86%,13.97
long thin garden designs pictures,11,355,3.1%,4.15
what to put in a planter,11,350,3.14%,5.16
what to put at the bottom of a plant pot,11,307,3.58%,5.45
best material for a shed,11,304,3.62%,5.57
modular garden shed,11,300,3.67%,6.66
building a shed base on a slope,11,299,3.68%,4.97
easy shed base on uneven ground,11,250,4.4%,3.44
putting electric in a shed,11,242,4.55%,4.01
alternative to roofing felt for sheds,11,239,4.6%,4.75
how to make a shed base on uneven ground,11,203,5.42%,3.18
shed base on blocks,11,184,5.98%,6.71
do you need a base for a plastic shed,11,161,6.83%,2.76
what to use for drainage in outdoor pots,11,161,6.83%,3.03
wooden vs plastic shed,11,155,7.1%,4.31
build a shed base on a slope,11,154,7.14%,4.12
building a shed on concrete blocks,11,147,7.48%,5.44
shed base pavers,11,135,8.15%,9.01
shed must haves,11,132,8.33%,6.54
how to use concrete blocks for shed foundation,11,101,10.89%,2.99
how to fill planter,11,100,11%,4.9
drainage blumentopf,11,59,18.64%,2.15
log cabin summer house,10,9649,0.1%,12.39
small summer house,10,4075,0.25%,24.67
how to build a log store,10,3496,0.29%,14.67
building a shed base,10,3360,0.3%,17.26
summer house paint ideas,10,2592,0.39%,5.26
workshop shed ideas,10,1951,0.51%,2.07
shed racking ideas,10,1814,0.55%,10.67
garden covered seating area,10,1582,0.63%,4.29
how to build shed base,10,1418,0.71%,19.71
how to lay a base for a shed,10,1393,0.72%,11.5
cheap insulation for shed,10,1301,0.77%,10.57
weatherproof outdoor bar,10,1194,0.84%,11.08
fence cover up ideas,10,1187,0.84%,7.11
log shed ideas,10,1168,0.86%,6.95
old fence panels,10,1117,0.9%,1.49
solar kit for shed,10,1115,0.9%,8.41
solar powered heater for shed,10,1086,0.92%,15.92
gravel for shed base,10,1080,0.93%,12.23
garden shed,10,1064,0.94%,5.76
bike storage ideas outside,10,1048,0.95%,5.89
shed screening ideas,10,870,1.15%,6.07
best shed insulation,10,830,1.2%,17.12
shed on a slope,10,827,1.21%,11.36
power to shed,10,794,1.26%,6.62
how to build a summer house on a budget,10,771,1.3%,7.42
solar powered heater for shed uk,10,744,1.34%,9.93
plastic garden sheds,10,735,1.36%,6.77
shed space saving ideas,10,632,1.58%,5.93
how long does tanalised wood last,10,576,1.74%,6.44
what kind of gravel for shed base,10,548,1.82%,8.02
wooden or metal shed,10,496,2.02%,10.82
best foundation for greenhouse,10,459,2.18%,7.44
solar system for shed,10,421,2.38%,11.1
base for shed on uneven ground,10,359,2.79%,3.93
best shed colours uk,10,326,3.07%,6.74
plastic vs wooden shed,10,309,3.24%,4.72
paver shed base,10,304,3.29%,22.81
what to fill a planter with,10,285,3.51%,5.1
how to run power from house to shed uk,10,265,3.77%,5.17
garden shed solar panels,10,265,3.77%,7.32
what to grow on a trellis,10,257,3.89%,5.04
cheapest way to insulate a cabin,10,253,3.95%,4.44
how to level ground for a shed on a slope,10,246,4.07%,4.07
best climbers for trellis,10,246,4.07%,4.52
outdoor planter drainage,10,237,4.22%,5.83
how do you insulate a log cabin,10,224,4.46%,4.3
best climbing plants for trellis uk,10,216,4.63%,4.2
paving slabs for shed,10,212,4.72%,5.02
alternative to felt for shed roof,10,200,5%,4.65
concrete slabs for shed,10,165,6.06%,7.99
block base for shed,10,154,6.49%,3.84
does a plastic shed need a base,10,148,6.76%,2.16
best way to make a shed base,10,145,6.9%,3.49
shed base on gravel,10,139,7.19%,6.24
plastic shed or wooden shed,10,131,7.63%,6.16
solar panels for my shed,10,122,8.2%,10.58
insulating a log cabin uk,10,115,8.7%,3.36
lightweight drainage material for potted plants,10,112,8.93%,7.56
do pressure treated sheds need painting,10,82,12.2%,1.63
paving shed base,10,82,12.2%,2.82
abri de jardin sur dalle gravillonnée,10,70,14.29%,2.03
filling a planter tips,10,43,23.26%,2.79
long garden,9,5119,0.18%,6.45
tool storage ideas,9,4050,0.22%,15.53
shed colour ideas,9,3176,0.28%,5.53
shed paint ideas,9,2735,0.33%,11.62
shed ideas uk,9,2229,0.4%,8.43
freestanding garage,9,1958,0.46%,7.07
base for shed,9,1840,0.49%,25.25
shed insulation panels,9,1836,0.49%,7.68
outdoor covered seating area,9,1661,0.54%,2.91
block shed,9,1657,0.54%,4.99
base for shed on grass,9,1533,0.59%,8.03
vinyl shed,9,1517,0.59%,13.5
shed slabs,9,1343,0.67%,43.34
bar for garden,9,1306,0.69%,10.9
outdoor storage ideas,9,1243,0.72%,21.05
climbing plants for trellis uk,9,1191,0.76%,6.46
shed storage ideas uk,9,1087,0.83%,9.76
lawn alternatives,9,752,1.2%,6.21
how to lay shed base,9,735,1.22%,11
potting shed storage ideas,9,667,1.35%,8.73
shed workshop layout,9,622,1.45%,1.34
how to build a shed on uneven ground,9,601,1.5%,4.43
metal or wood shed,9,599,1.5%,8.28
wood or metal shed,9,578,1.56%,10.03
ground cover ideas instead of grass,9,577,1.56%,24.71
overlap vs shiplap vs tongue and groove,9,574,1.57%,6.49
log store shed,9,561,1.6%,19.25
small covered garden seating area,9,553,1.63%,1.58
building a garden fence,9,504,1.79%,11.56
garden tool storage ideas for small spaces,9,498,1.81%,7.88
how to build a block shed,9,466,1.93%,5.59
shed power supply,9,464,1.94%,6.07
best trellis plants,9,454,1.98%,8.69
shed base kit,9,446,2.02%,5.09
shed alternatives,9,401,2.24%,5.85
bike storage,9,379,2.37%,29.89
plastic or wood shed,9,338,2.66%,6.56
log store plan,9,328,2.74%,7.58
electricity to shed,9,327,2.75%,6.77
what is the best shed to buy,9,315,2.86%,4.19
gas shed heater,9,282,3.19%,6.2
grass alternatives you can walk on,9,271,3.32%,9.4
how to fill a tall planter,9,260,3.46%,6.02
how to protect pressure treated wood,9,254,3.54%,5.72
how to disguise a shed,9,252,3.57%,4.4
base for greenhouse ideas,9,250,3.6%,4.46
do i need to paint pressure treated fence,9,250,3.6%,9.9
good plants for trellis,9,245,3.67%,5.04
how long should a shed last,9,217,4.15%,3.73
what to put at the bottom of plant pots,9,214,4.21%,3.02
how to fill tall planters,9,194,4.64%,6.16
large outdoor planters fill bottom,9,191,4.71%,5.14
shed base for plastic shed,9,188,4.79%,8.82
best plants for a trellis,9,187,4.81%,7.87
how level does a shed base need to be,9,180,5%,5.53
shed base concrete slabs,9,175,5.14%,2.64
what do you put in the bottom of a planter for drainage,9,172,5.23%,2.85
easiest way to level ground for shed,9,159,5.66%,6.27
plants to grow up a trellis,9,158,5.7%,2.91
pea gravel shed base,9,128,7.03%,6.2
power to shed from house,9,113,7.96%,5.2
can you paint pressure treated fence panels,9,111,8.11%,3.33
whats the best shed to buy,9,109,8.26%,3.79
how to fill a big planter,9,108,8.33%,3.51
shed base with paving slabs,9,103,8.74%,2.58
lay slabs for shed base,9,94,9.57%,3.34
how to fill tall planter pots,9,78,11.54%,4.4
treatment for pressure treated wood,9,76,11.84%,8.63
what to put at the bottom of planters,9,55,16.36%,2.47
best ivy for trellis,9,25,36%,2.2
what to treat pressure treated wood with,9,24,37.5%,3.75
shed roof felt,8,9222,0.09%,18.41
bin store ideas,8,3325,0.24%,5.42
garden workshop,8,3105,0.26%,32.7
building a shed,8,3061,0.26%,10.51
fencing styles,8,3032,0.26%,7.15
garden summer house ideas,8,2563,0.31%,22.06
front garden fence height uk,8,2390,0.33%,5.47
laying a shed base,8,2247,0.36%,12.38
greenhouse shelving ideas,8,2220,0.36%,9.25
heater for shed,8,2213,0.36%,8.74
summer house colours,8,2168,0.37%,6.53
concrete base for shed,8,2010,0.4%,33.37
small outdoor bar,8,1694,0.47%,7.77
metal vs wood shed,8,1666,0.48%,10.06
narrow garden ideas,8,1647,0.49%,10.36
small summer house shed,8,1560,0.51%,15.3
shed shelves ideas,8,1547,0.52%,6.93
how long does it take to build a shed,8,1426,0.56%,5.95
shed wall insulation,8,1342,0.6%,8
build a log store,8,1258,0.64%,16.9
laying a base for a shed,8,1210,0.66%,10.57
waterproof garden canopy ideas,8,1151,0.7%,5.25
shed bases uneven ground,8,1116,0.72%,6.48
insulating shed roof,8,1024,0.78%,5.49
best outdoor furniture covers,8,987,0.81%,27.25
cinder block shed foundation,8,975,0.82%,9.39
greenhouse bases,8,945,0.85%,9.17
plans for log store,8,866,0.92%,8.94
long garden design ideas,8,849,0.94%,2.45
is tanalised wood waterproof,8,831,0.96%,7.51
shed soundproofing,8,797,1%,6.86
laying shed base,8,794,1.01%,9.73
how to level a shed with concrete blocks,8,739,1.08%,7.58
how to wire a shed for lights and sockets uk,8,688,1.16%,8.94
insulating a garden room,8,634,1.26%,11.37
diy garden screening ideas,8,605,1.32%,10.24
cinder block shed base,8,592,1.35%,7.71
fence height between neighbours front garden,8,582,1.37%,5.84
how to hide a shed,8,581,1.38%,5.22
how to disguise a garden shed uk,8,579,1.38%,7.53
wooden shed insulation,8,576,1.39%,6.81
how long to build a shed,8,541,1.48%,4.74
shed shelf ideas,8,541,1.48%,6.26
garden seating area with roof,8,535,1.5%,2.42
shiplap or tongue and groove shed,8,535,1.5%,7.29
how to build a pergola attached to house,8,534,1.5%,10.32
how to level the ground for a shed,8,525,1.52%,13.88
how to put a shed on a slope,8,523,1.53%,6.84
wiring a shed,8,503,1.59%,8.79
storage ideas for sheds,8,490,1.63%,7.72
pent or apex shed,8,466,1.72%,10.76
pressure treated wood preservative,8,462,1.73%,7.76
what to fill planters with,8,453,1.77%,7.27
level base for shed,8,410,1.95%,9.58
small allotment shed,8,408,1.96%,6.71
how long do wooden sheds last,8,403,1.99%,5.9
solar panels for garden shed,8,388,2.06%,8.28
how to sound proof a shed,8,383,2.09%,6.24
log store plans free,8,375,2.13%,8.1
concrete shed foundation blocks,8,375,2.13%,8.19
how to put a window in a shed uk,8,360,2.22%,8.02
concrete block base,8,359,2.23%,10.42
how long does a wooden shed last,8,354,2.26%,4.01
easy shed base ideas,8,347,2.31%,5.7
plants for trellis uk,8,347,2.31%,6.23
summerhouse colour ideas,8,313,2.56%,3.86
how to insulate garden shed,8,299,2.68%,8.56
best type of wooden shed,8,296,2.7%,4.1
shed gadgets,8,289,2.77%,7.12
what is the best outdoor storage box,8,287,2.79%,8.02
getting electricity to a shed,8,284,2.82%,6.25
sheds for allotments,8,273,2.93%,6.91
lawn alternatives for shade uk,8,267,3%,7.48
felting a pent shed roof,8,266,3.01%,7.5
shed solar panel kit with battery,8,261,3.07%,8.28
treating fence panels,8,257,3.11%,6.85
dpm for shed base,8,256,3.12%,5.2
small shed for allotment,8,254,3.15%,9.31
rockwool shed insulation,8,253,3.16%,6.7
shed solar system,8,246,3.25%,11.37
how long does it take to put up a shed,8,242,3.31%,3.03
how to build a shed with concrete blocks,8,242,3.31%,4.28
solar panel for a shed,8,223,3.59%,8.36
how to build a concrete block shed,8,215,3.72%,5.45
how to build shed base on uneven ground,8,198,4.04%,3.76
alternatives to grass uk,8,198,4.04%,5.09
soundproof sheds,8,198,4.04%,5.87
what material shed is best,8,180,4.44%,4.09
garden shed alternatives,8,174,4.6%,7.75
what to put in bottom of large planter,8,172,4.65%,8.26
greenhouse base options,8,153,5.23%,4.02
power for shed,8,151,5.3%,4.87
build shed base on uneven ground,8,150,5.33%,4.06
do you need to paint treated wood,8,144,5.56%,3.06
how to fill a deep planter,8,143,5.59%,4.38
uk lawn alternatives,8,123,6.5%,4.72
how to fill large pots for plants,8,120,6.67%,7.33
best way to fill a large planter,8,118,6.78%,6.03
drainage for large planters,8,118,6.78%,7.64
shed electric,8,109,7.34%,4.01
what gravel for shed base,8,109,7.34%,4.44
should you treat pressure treated wood,8,108,7.41%,5.76
how to lay concrete slabs for shed base,8,100,8%,3.98
how to fill outdoor planters,8,95,8.42%,4.19
how to insulate a shed floor from the inside,8,93,8.6%,4.97
wheelie bin covers,8,91,8.79%,8.86
planters drainage,8,83,9.64%,8.86
what can i use for drainage in a large planter,8,82,9.76%,1.74
what to use on pressure treated wood,8,78,10.26%,5.79
how to fill large planter,8,65,12.31%,3.12
what soil to fill large planters with,8,65,12.31%,3.22
how to fill large pots,8,65,12.31%,3.35
shed paving slabs,8,34,23.53%,2
outside bike storage,7,3583,0.2%,22.87
garden seating ideas,7,3492,0.2%,15.62
insulation for sheds,7,3300,0.21%,10.9
how high can a garden fence be,7,2677,0.26%,8.24
damp proof membrane for shed,7,2550,0.27%,7.88
garden trellis for climbing plants,7,1974,0.35%,18.28
shed tool storage ideas,7,1966,0.36%,8.94
trellis for plants,7,1804,0.39%,16.36
shed roof covering,7,1743,0.4%,26.38
garden seating area,7,1685,0.42%,13.08
driveway fence height uk,7,1586,0.44%,4.92
outdoor garden bars,7,1490,0.47%,9.92
covered seating area,7,1446,0.48%,3.83
shiplap vs tongue and groove,7,1348,0.52%,34.95
garden shed electrical supply,7,1150,0.61%,14.65
outdoor bar ideas for small spaces,7,1117,0.63%,5.98
insulation shed,7,1072,0.65%,9.88
power to garden shed,7,1061,0.66%,8.04
how to build a shed foundation on uneven ground,7,1007,0.7%,5.57
long narrow garden,7,989,0.71%,5.27
shed base gravel,7,964,0.73%,11.15
modular garden sheds,7,914,0.77%,8.07
garden shed organisation ideas,7,854,0.82%,7.63
different types of sheds,7,833,0.84%,13.38
outdoor workshop ideas,7,761,0.92%,1.37
shed solar panel,7,746,0.94%,18.58
best insulation for a shed,7,699,1%,7.89
soundproof garden shed,7,678,1.03%,7.8
shed support blocks,7,498,1.41%,10.97
putting a shed on concrete blocks,7,496,1.41%,6.24
covered seating area garden,7,479,1.46%,2.86
shed base for grass,7,476,1.47%,6.34
solar panel kit with battery and inverter for shed,7,463,1.51%,10.28
power to a shed,7,453,1.55%,4.77
shed base leveling kit,7,442,1.58%,24.11
what to do with old fence panels,7,427,1.64%,7.58
garden shed workshop ideas,7,419,1.67%,4.68
cinder block base for shed,7,416,1.68%,11.3
how long does a shed last,7,388,1.8%,4.05
driveway storage ideas,7,388,1.8%,4.32
keter shed,7,360,1.94%,5.89
shed electrical kit,7,359,1.95%,11.16
what to use for drainage in pots,7,357,1.96%,21.86
plants that grow on trellis,7,336,2.08%,5.7
how to build a level platform on uneven ground,7,326,2.15%,7.02
gravel pad for shed,7,321,2.18%,18.8
how high should a garden fence be,7,319,2.19%,5.46
best way to build a shed base,7,311,2.25%,6.41
what to fill large planters with,7,288,2.43%,5.71
greenhouse base kit,7,287,2.44%,25.23
level shed base,7,279,2.51%,7.68
shed add ons,7,277,2.53%,7.44
small solar panels for sheds,7,271,2.58%,12.86
shed solar kit,7,266,2.63%,7.95
best garden storage uk,7,265,2.64%,8.17
shed base ideas uk,7,255,2.75%,5.24
best insulation for outdoor shed,7,253,2.77%,9.97
what gravel to use for shed base,7,244,2.87%,15.75
small gas heater for shed,7,221,3.17%,7.27
can you build a shed on grass,7,211,3.32%,5.43
small shed organization ideas,7,211,3.32%,9.77
concrete greenhouse base,7,208,3.37%,10.11
gravel shed base uk,7,203,3.45%,5.56
plastic grid shed base,7,193,3.63%,2.32
putting a shed on grass,7,188,3.72%,5.02
best plastic sheds uk reviews,7,186,3.76%,5.45
soundproof drum shed,7,182,3.85%,4.04
how to fill a large plant pot,7,177,3.95%,6.29
how to put shed on uneven ground,7,168,4.17%,3.49
how to run electricity to a shed above ground,7,167,4.19%,5.1
are metal sheds better than wooden,7,166,4.22%,5.18
overlap vs tongue and groove,7,153,4.58%,4.54
best plants for climbing trellis,7,149,4.7%,6.97
what can i put in bottom of planter for drainage,7,138,5.07%,4.71
how to fill large plant pots,7,136,5.15%,4.68
laying slabs for a shed,7,132,5.3%,3.24
shed base damp proof membrane,7,115,6.09%,3.02
planter liner,7,112,6.25%,1.95
metal shed or wooden shed,7,112,6.25%,5.08
difference between log cabin and summer house,7,108,6.48%,2.87
garden design for long narrow gardens uk,7,91,7.69%,2.74
filling large pots for plants,7,82,8.54%,4.93
how to fill a large outdoor planter,7,81,8.64%,4.77
sharp sand for shed base,7,79,8.86%,3.9
alternatives to a grass lawn uk,7,76,9.21%,3.26
shed base using concrete blocks,7,76,9.21%,4.36
paving for shed base,7,72,9.72%,4.1
how to add power to a shed,7,72,9.72%,8.78
how to fill big planters,7,72,9.72%,10.06
making a shed base with paving slabs,7,71,9.86%,3.21
breeze blocks for shed base,7,62,11.29%,4.37
base for a shed paving slabs,7,55,12.73%,2.27
drainage bloempot buiten,7,54,12.96%,2
what is the best type of shed,7,48,14.58%,3.33
filling large plant pots,7,47,14.89%,2.09
que mettre au fond d'une jardiniere en bois,7,45,15.56%,2.16
how to fill up a large planter,7,41,17.07%,1.63
how to fill up large planters,7,35,20%,2.51
using paving slabs for shed base,7,19,36.84%,3.21
garden bars,6,4681,0.13%,23.75
workshop ideas,6,3465,0.17%,4.7
fence height uk,6,3437,0.17%,7.13
shed,6,3434,0.17%,7.72
outdoor bike storage ideas,6,3379,0.18%,9.85
pressure treated wood,6,3292,0.18%,9.78
shed cladding,6,2649,0.23%,52.69
shed paint colors,6,2519,0.24%,5.25
how to lay a shed base with paving slabs,6,2420,0.25%,14.94
tongue and groove shed cladding,6,2401,0.25%,10.71
garden tools storage,6,2327,0.26%,7.86
homemade log store ideas,6,2053,0.29%,8.42
garden seating area ideas,6,1518,0.4%,7
how to make a base for a shed,6,1477,0.41%,15.84
garden music studio,6,1455,0.41%,18.87
covered outdoor seating area ideas,6,1394,0.43%,2.1
shed materials,6,1388,0.43%,21.44
painted shed ideas,6,1359,0.44%,2.66
log cabin summer house uk,6,1319,0.45%,7.67
garden storage box,6,1302,0.46%,36.96
insulating a garden shed,6,1218,0.49%,11.39
small shed interior ideas,6,1213,0.49%,6.11
waterproof shed,6,1210,0.5%,20.33
how long does pressure treated wood last,6,1175,0.51%,9.81
what shed material is best,6,1133,0.53%,8.81
modern long narrow garden ideas,6,1114,0.54%,3.94
outdoor bar area,6,1072,0.56%,4.51
types of trellis for climbing plants,6,994,0.6%,8.17
garden bars ideas,6,958,0.63%,3.35
how to insulate a wooden shed,6,939,0.64%,6.51
privacy screen garden ideas,6,894,0.67%,8.23
how to insulate a shed uk,6,883,0.68%,8.21
concrete slab for shed,6,880,0.68%,15.74
resin garden sheds,6,863,0.7%,17.04
making a base for a shed,6,836,0.72%,13.55
climbing flowers for trellis,6,834,0.72%,9.91
solar panel heater for shed,6,803,0.75%,12.39
no mow lawn alternatives,6,793,0.76%,5.37
summer house colour ideas,6,782,0.77%,4.85
garden shed ideas interior,6,755,0.79%,2.02
plastic garden shed,6,752,0.8%,5.21
garden screen ideas,6,719,0.83%,12.78
shed building materials,6,712,0.84%,9.08
insulating shed walls,6,671,0.89%,7.35
soundproof a shed,6,657,0.91%,15.18
cinder block shed,6,652,0.92%,7.33
sheds for sale,6,643,0.93%,8
outdoor fence covering ideas,6,587,1.02%,5.22
best insulation for sheds,6,583,1.03%,16.56
garden shade ideas,6,575,1.04%,16.03
base for a shed,6,565,1.06%,22.23
how to divide a long narrow garden,6,559,1.07%,6.47
how to take a shed down,6,551,1.09%,7.41
diy summer house ideas,6,521,1.15%,5.4
shed base membrane,6,489,1.23%,8
shed insulation ideas,6,455,1.32%,5.79
long thin garden ideas,6,452,1.33%,4.69
insulating a shed uk,6,451,1.33%,7.66
bicycle storage ideas,6,429,1.4%,14.76
garden sheds for sale,6,426,1.41%,7.02
concrete block foundation shed,6,417,1.44%,7.61
outdoor bar for garden,6,409,1.47%,6.97
pent vs apex shed,6,388,1.55%,7.43
small summer house interior ideas on a budget,6,382,1.57%,4.61
shed organization,6,379,1.58%,11.46
flowers for trellis,6,377,1.59%,6.61
osb for shed walls,6,374,1.6%,7.36
shed ideas inside,6,373,1.61%,7.49
wood vs metal shed,6,366,1.64%,5.9
greenhouse foundations,6,360,1.67%,15.28
how to insulate a shed from the inside,6,355,1.69%,5.58
alternative lawns uk,6,347,1.73%,6.06
how to level a shed on uneven concrete,6,346,1.73%,5.75
how to build a breeze block shed,6,343,1.75%,6.83
garden shed tool storage,6,329,1.82%,4.19
easiest shed base,6,315,1.9%,7.4
composite sheds,6,312,1.92%,13.94
plants to grow up trellis,6,309,1.94%,6.17
run electric to shed,6,304,1.97%,7.91
alternatives to grass,6,300,2%,8.13
garden shed interior,6,291,2.06%,1.37
what to put in the bottom of plant pots,6,290,2.07%,3.76
heavy duty metal security sheds,6,289,2.08%,23.84
running power to a shed,6,288,2.08%,9.39
good climbing plants for trellis,6,284,2.11%,6.4
can you insulate a wooden shed,6,270,2.22%,6.34
ideas to cover fence panels,6,261,2.3%,2.77
concrete block foundation,6,260,2.31%,11.82
garden workshop plans,6,252,2.38%,6.23
how to build a greenhouse base on uneven ground,6,250,2.4%,12.48
arbour plants,6,229,2.62%,6.8
running electric to shed above ground,6,224,2.68%,9.26
long garden ideas uk,6,223,2.69%,3.07
sheds for sale near me,6,220,2.73%,5.34
metal vs wood shed cost,6,220,2.73%,7.65
how to lay a shed base with slabs,6,213,2.82%,5.53
beckwood sheds reviews,6,208,2.88%,6.41
slate roof shed,6,207,2.9%,3.16
solar power kits for sheds,6,207,2.9%,11.16
what to put in large planters,6,204,2.94%,10.22
what to grow on trellis,6,199,3.02%,5.94
plastic shed vs wood shed,6,195,3.08%,6.29
putting electricity in a shed,6,194,3.09%,6.63
how to lay pavers for shed base,6,181,3.31%,4.73
plants that climb trellis,6,178,3.37%,7.56
building a concrete block shed,6,171,3.51%,5.43
planter drainage material,6,167,3.59%,17.82
simple greenhouse base ideas,6,166,3.61%,3.48
slab for shed,6,165,3.64%,9.57
outdoor bar small,6,164,3.66%,16.98
how to make a wheelie bin store from trellis,6,163,3.68%,6.17