Top pages,Same period last year Clicks,Last 3 months Clicks,Click loss (YoY),Same period last year Impressions,Last 3 months Impressions,Same period last year CTR,Last 3 months CTR,Same period last year Position,Last 3 months Position
https://www.sigmaplantfinder.com/used/piling-and-drilling/,141,0,141,11970,0,1.18%,0%,25.01,0.0
https://www.sigmaplantfinder.com/used/piling-and-drilling/exploration-drilling-rigs/,72,0,72,5389,0,1.34%,0%,39.43,0.0
https://www.sigmaplantfinder.com/blog/the-five-types-of-foundation-piling-explained/,70,0,70,16882,0,0.41%,0%,46.18,0.0
https://www.sigmaplantfinder.com/used/piling-and-drilling/mini-piling-rigs/,67,0,67,6354,0,1.05%,0%,22.24,0.0
https://www.sigmaplantfinder.com/used/piling-and-drilling/geothermal-drilling-rigs/,58,0,58,3262,0,1.78%,0%,32.78,0.0
https://www.sigmaplantfinder.com/equipment/piling-and-drilling/mini-piling-rigs/dando-terrier-mk-2/,58,0,58,925,0,6.27%,0%,8.28,0.0
https://www.sigmaplantfinder.com/blog/diesel-hammer-work/,57,0,57,3764,0,1.51%,0%,17.26,0.0
https://www.sigmaplantfinder.com/equipment/piling-and-drilling/geothermal-drilling-rigs/geotec-rotomax-xl-gtc-2/,57,0,57,568,0,10.04%,0%,11.99,0.0
https://www.sigmaplantfinder.com/used/piling-and-drilling/geotechnical-drilling-rigs/,56,0,56,2707,0,2.07%,0%,32.34,0.0
https://www.sigmaplantfinder.com/equipment/piling-and-drilling/jet-grouting/metax-mp7-600/,56,0,56,834,0,6.71%,0%,14.8,0.0
https://www.sigmaplantfinder.com/equipment/piling-and-drilling/geotechnical-drilling-rigs/comacchio-geo-205-2/,55,0,55,844,0,6.52%,0%,6.86,0.0
https://www.sigmaplantfinder.com/used/piling-and-drilling/cfa-piling-drills/,49,0,49,2258,0,2.17%,0%,28.28,0.0
https://www.sigmaplantfinder.com/used/piling-and-drilling/jet-grouting/,46,0,46,1022,0,4.5%,0%,27.84,0.0
https://www.sigmaplantfinder.com/equipment/piling-and-drilling/cfa-piling-drills/liebherr-lrb-355/,36,0,36,743,0,4.85%,0%,6.8,0.0
https://www.sigmaplantfinder.com/equipment/piling-and-drilling/geotechnical-drilling-rigs/archway-dart/,31,0,31,472,0,6.57%,0%,8.19,0.0
https://www.sigmaplantfinder.com/equipment/piling-and-drilling/rotary-piling-rigs/soilmec-rt3-st-5/,30,0,30,396,0,7.58%,0%,21.62,0.0
https://www.sigmaplantfinder.com/equipment/piling-and-drilling/geotechnical-drilling-rigs/comacchio-mc-305/,26,0,26,445,0,5.84%,0%,8.52,0.0
https://www.sigmaplantfinder.com/equipment/piling-and-drilling/geotechnical-drilling-rigs/boart-longyear-ls250-mini-sonic/,25,0,25,822,0,3.04%,0%,26.27,0.0
https://www.sigmaplantfinder.com/equipment/piling-and-drilling/geotechnical-drilling-rigs/fraste-multidrill-fs250-2/,25,0,25,628,0,3.98%,0%,16.12,0.0
https://www.sigmaplantfinder.com/equipment/piling-and-drilling/mini-piling-rigs/unwin-superkitten/,25,0,25,330,0,7.58%,0%,5.6,0.0
https://www.sigmaplantfinder.com/used/piling-and-drilling/sheet-piling-rigs/,24,0,24,3560,0,0.67%,0%,30.38,0.0
https://www.sigmaplantfinder.com/used/piling-and-drilling/hammer-piling-rigs/,24,0,24,1960,0,1.22%,0%,31.51,0.0
https://www.sigmaplantfinder.com/equipment/piling-and-drilling/rotary-piling-rigs/mait-hr30/,24,0,24,340,0,7.06%,0%,16.03,0.0
https://www.sigmaplantfinder.com/equipment/piling-and-drilling/underground-and-tunnelling/atlas-copco-diamec-262/,24,0,24,287,0,8.36%,0%,8.53,0.0
https://www.sigmaplantfinder.com/equipment/piling-and-drilling/rotary-piling-rigs/cmv-trm-35-21-5/,24,0,24,276,0,8.7%,0%,8.34,0.0
https://www.sigmaplantfinder.com/equipment/piling-and-drilling/exploration-drilling-rigs/atlas-copco-ct20-5/,23,0,23,333,0,6.91%,0%,16.24,0.0
https://www.sigmaplantfinder.com/equipment/piling-and-drilling/underground-and-tunnelling/atlas-copco-diamec-u4/,23,0,23,208,0,11.06%,0%,7.4,0.0
https://www.sigmaplantfinder.com/equipment/piling-and-drilling/rotary-piling-rigs/soilmec-r618-2/,23,0,23,140,0,16.43%,0%,3.61,0.0
https://www.sigmaplantfinder.com/equipment/piling-and-drilling/exploration-drilling-rigs/atlas-copco-cs14-12/,21,0,21,675,0,3.11%,0%,14.72,0.0
https://www.sigmaplantfinder.com/equipment/piling-and-drilling/underground-and-tunnelling/epiroc-s1d-boomer/,21,0,21,424,0,4.95%,0%,12.93,0.0
https://www.sigmaplantfinder.com/equipment/piling-and-drilling/mini-piling-rigs/nemek-407-ts/,21,0,21,150,0,14%,0%,7.44,0.0
https://www.sigmaplantfinder.com/equipment/piling-and-drilling/rotary-piling-rigs/soilmec-sr40-29/,20,0,20,936,0,2.14%,0%,4.9,0.0
https://www.sigmaplantfinder.com/equipment/piling-and-drilling/rotary-piling-rigs/soilmec-r210-6/,20,0,20,401,0,4.99%,0%,12.8,0.0
https://www.sigmaplantfinder.com/equipment/piling-and-drilling/jet-grouting/metax-mp7/,20,0,20,272,0,7.35%,0%,8.47,0.0
https://www.sigmaplantfinder.com/equipment/piling-and-drilling/geotechnical-drilling-rigs/massenza-mi3-2/,20,0,20,204,0,9.8%,0%,8.32,0.0
https://www.sigmaplantfinder.com/equipment/piling-and-drilling/geotechnical-drilling-rigs/boart-longyear-db520/,19,0,19,341,0,5.57%,0%,14.0,0.0
https://www.sigmaplantfinder.com/equipment/piling-and-drilling/rotary-piling-rigs/casagrande-b180-5/,19,0,19,274,0,6.93%,0%,5.71,0.0
https://www.sigmaplantfinder.com/equipment/piling-and-drilling/rotary-piling-rigs/foremost-dr40/,19,0,19,241,0,7.88%,0%,26.51,0.0
https://www.sigmaplantfinder.com/equipment/piling-and-drilling/cfa-piling-drills/mait-hr300-570/,19,0,19,231,0,8.23%,0%,4.87,0.0
https://www.sigmaplantfinder.com/equipment/piling-and-drilling/cfa-piling-drills/casagrande-cfa26/,19,0,19,181,0,10.5%,0%,19.81,0.0
https://www.sigmaplantfinder.com/equipment/piling-and-drilling/geotechnical-drilling-rigs/geotool-peg/,19,0,19,134,0,14.18%,0%,11.95,0.0
https://www.sigmaplantfinder.com/equipment/piling-and-drilling/jet-grouting/tecniwell-tw352-2/,19,0,19,120,0,15.83%,0%,6.89,0.0
https://www.sigmaplantfinder.com/used/piling-and-drilling/rotary-piling-rigs/,18,0,18,2070,0,0.87%,0%,25.51,0.0
https://www.sigmaplantfinder.com/equipment/piling-and-drilling/piling-accessories/atlas-copco-unigrout-flex-d-2/,18,0,18,249,0,7.23%,0%,19.42,0.0
https://www.sigmaplantfinder.com/blog/prepare-for-road-construction-in-rainy-season-and-stop-it-from-affecting-your-projects/,17,0,17,532,0,3.2%,0%,8.68,0.0
https://www.sigmaplantfinder.com/equipment/piling-and-drilling/diaphragm-wall-drilling-rigs/mait-hr260-20/,17,0,17,520,0,3.27%,0%,9.05,0.0
https://www.sigmaplantfinder.com/equipment/piling-and-drilling/rotary-piling-rigs/bauer-kdk-250-s/,17,0,17,365,0,4.66%,0%,9.35,0.0
https://www.sigmaplantfinder.com/blog/construction-of-the-port-of-ndiago-in-mauritania-nears-completion/,17,0,17,278,0,6.12%,0%,10.49,0.0
https://www.sigmaplantfinder.com/equipment/piling-and-drilling/mini-piling-rigs/massenza-mi4/,17,0,17,215,0,7.91%,0%,12.52,0.0
https://www.sigmaplantfinder.com/equipment/piling-and-drilling/mini-piling-rigs/gp-services-d500/,16,0,16,383,0,4.18%,0%,22.49,0.0
