"Google United Kingdom, interface language: English",,
Keyword,Search vol.,20/02/2026
robotic process automation,810,100+
software qa,480,10
qa software testing,320,12
test automation engineer,260,100+
software testing services,260,1
what is test automation,260,100+
automation testing services,260,5
software testing techniques,210,62
test automation software,110,100+
software testing company,110,3
agentic automation,110,100+
Test automation services,110,3
software testing companies uk,90,28
software performance testing,70,100+
software testing companies,50,3
software testing consultancy uk,40,1
qa testing software,40,100+
software testing frameworks,30,100+
software testing consultancy,30,1
test automation solutions,30,100+
recruit train deploy,30,4
hire train deploy,30,5
Quality engineering services,30,19
recruit train deploy companies,20,6
regression testing in software testing,10,100+
Quality engineering consulting services,10,2
Quality engineering consulting,10,4
Quality engineering consultation service,10,5
test automation consultancy,10,1
Quality engineering consultants,10,2
automated software testing company,10,9
hire train deploy companies,10,6
Quality engineering and testing services,10,3
test automation service providers,10,3
hire train and deploy,10,4
Quality engineering and testing,10,1
Software testing consulting services,10,1
software testing consulting companies,10,1
verification and validation in software testing 100 40,0,100+
recruit train deploy london,0,4
hire train deploy birmingham,0,7
Hire train deploy solutions,0,100+
